add-none, 2, 100, 400, 79349, 198, 0
add-none, 2, 1000, 4000, 118966, 29, 0
add-none, 2, 10000, 40000, 557549, 13, 0
add-none, 2, 100000, 400000, 4950358, 12, -65015
add-none, 4, 100, 800, 162199, 202, 28
add-none, 4, 1000, 8000, 168142, 21, -184
add-none, 4, 10000, 80000, 1184668, 14, -8383
add-none, 4, 100000, 800000, 11404607, 14, -54479
add-none, 8, 100, 1600, 229579, 143, 0
add-none, 8, 1000, 16000, 342411, 21, -373
add-none, 8, 10000, 160000, 2609193, 16, -5046
add-none, 8, 100000, 1600000, 24815872, 15, -71917
add-none, 12, 100, 2400, 323662, 134, 0
add-none, 12, 1000, 24000, 439185, 18, 114
add-none, 12, 10000, 240000, 3655878, 15, -6212
add-none, 12, 100000, 2400000, 36711217, 15, -106064
add-yield-none, 2, 10, 40, 90060, 2251, 0
add-yield-none, 4, 10, 80, 163251, 2040, 0
add-yield-none, 8, 10, 160, 227996, 1424, 7
add-yield-none, 12, 10, 240, 290952, 1212, 14
add-yield-none, 2, 20, 80, 95082, 1188, 0
add-yield-none, 4, 20, 160, 210470, 1315, 0
add-yield-none, 8, 20, 320, 295505, 923, 0
add-yield-none, 12, 20, 480, 336228, 700, 12
add-yield-none, 2, 40, 160, 104097, 650, 29
add-yield-none, 4, 40, 320, 293006, 915, 17
add-yield-none, 8, 40, 640, 383294, 598, 43
add-yield-none, 12, 40, 960, 408719, 425, 32
add-yield-none, 2, 80, 320, 443381, 1385, 69
add-yield-none, 4, 80, 640, 165782, 259, 46
add-yield-none, 8, 80, 1280, 589118, 460, 105
add-yield-none, 12, 80, 1920, 615163, 320, 98
add-yield-none, 2, 100, 400, 135698, 339, -13
add-yield-none, 4, 100, 800, 624612, 780, 72
add-yield-none, 8, 100, 1600, 766493, 479, 153
add-yield-none, 12, 100, 2400, 811915, 338, 44
add-yield-none, 2, 1000, 4000, 787574, 196, 45
add-yield-none, 4, 1000, 8000, 5420171, 677, 151
add-yield-none, 8, 1000, 16000, 5566499, 347, 109
add-yield-none, 12, 1000, 24000, 5435370, 226, 28
add-yield-none, 2, 10000, 40000, 6784405, 169, -4
add-yield-none, 4, 10000, 80000, 9658629, 120, -74
add-yield-none, 8, 10000, 160000, 49160498, 307, -1634
add-yield-none, 12, 10000, 240000, 52904625, 220, -1909
add-yield-none, 2, 100000, 400000, 50014143, 125, -878
add-yield-none, 4, 100000, 800000, 68316730, 85, -826
add-yield-none, 8, 100000, 1600000, 101628680, 63, -19904
add-yield-none, 12, 100000, 2400000, 386959194, 161, -13724
add-none, 1, 100, 200, 81011, 405, 0
add-none, 1, 1000, 2000, 67375, 33, 0
add-none, 1, 10000, 20000, 208061, 10, 0
add-none, 1, 100000, 200000, 1651451, 8, 0
add-none, 1, 1000000, 2000000, 15887525, 7, 0
add-none, 2, 100, 400, 70912, 177, 0
add-none, 2, 1000, 4000, 100489, 25, 516
add-none, 2, 10000, 40000, 485234, 12, -1086
add-none, 2, 100000, 400000, 4653845, 11, -41304
add-none, 2, 1000000, 4000000, 49289962, 12, -339523
add-none, 4, 100, 800, 104980, 131, 0
add-none, 4, 1000, 8000, 187466, 23, -475
add-none, 4, 10000, 80000, 1057244, 13, 2543
add-none, 4, 100000, 800000, 9847409, 12, -44122
add-none, 4, 1000000, 8000000, 87213715, 10, -144277
add-yield-none, 1, 100, 200, 112078, 560, 0
add-yield-none, 1, 1000, 2000, 596955, 298, 0
add-yield-none, 1, 10000, 20000, 4883441, 244, 0
add-yield-none, 1, 100000, 200000, 74876978, 374, 0
add-yield-none, 1, 1000000, 2000000, 471716080, 235, 0
add-yield-none, 2, 100, 400, 153144, 382, -52
add-yield-none, 2, 1000, 4000, 790645, 197, 44
add-yield-none, 2, 10000, 40000, 6987581, 174, -242
add-yield-none, 2, 100000, 400000, 67279338, 168, -716
add-yield-none, 2, 1000000, 4000000, 506667873, 126, -554
add-yield-none, 4, 100, 800, 698975, 873, 164
add-yield-none, 4, 1000, 8000, 5555860, 694, 166
add-yield-none, 4, 10000, 80000, 53854341, 673, 151
add-yield-none, 4, 100000, 800000, 523926063, 654, 13986
add-yield-none, 4, 1000000, 8000000, 759993329, 94, -909813
add-yield-m, 2, 10000, 40000, 16489929, 412, 0
add-yield-m, 4, 10000, 80000, 66404607, 830, 0
add-yield-m, 8, 10000, 160000, 187169954, 1169, 0
add-yield-m, 12, 10000, 240000, 301688611, 1257, 0
add-yield-s, 2, 10000, 40000, 13820122, 345, 0
add-yield-s, 4, 10000, 80000, 37542207, 469, 0
add-yield-s, 8, 1000, 16000, 13087727, 817, 0
add-yield-s, 12, 1000, 24000, 27091804, 1128, 0
add-m, 1, 10000, 20000, 719198, 35, 0
add-m, 2, 10000, 40000, 6770774, 169, 0
add-m, 4, 10000, 80000, 15915591, 198, 0
add-m, 8, 10000, 160000, 25376818, 158, 0
add-m, 12, 10000, 240000, 34443743, 143, 0
add-s, 1, 10000, 20000, 309184, 15, 0
add-s, 2, 10000, 40000, 2191442, 54, 0
add-s, 4, 10000, 80000, 16017044, 200, 0
add-s, 8, 10000, 160000, 49398281, 308, 0
add-s, 12, 10000, 240000, 120366345, 501, 0
add-none, 2, 100, 400, 124979, 312, 0
add-none, 2, 1000, 4000, 164428, 41, 440
add-none, 2, 10000, 40000, 524196, 13, -1197
add-none, 2, 100000, 400000, 4429271, 11, -35329
add-none, 4, 100, 800, 146799, 183, 0
add-none, 4, 1000, 8000, 205731, 25, -9
add-none, 4, 10000, 80000, 977704, 12, 2193
add-none, 4, 100000, 800000, 9949914, 12, -21651
add-none, 8, 100, 1600, 217351, 135, 0
add-none, 8, 1000, 16000, 260768, 16, 594
add-none, 8, 10000, 160000, 2145819, 13, -437
add-none, 8, 100000, 1600000, 18047455, 11, -21898
add-none, 12, 100, 2400, 313148, 130, 0
add-none, 12, 1000, 24000, 384344, 16, 771
add-none, 12, 10000, 240000, 3054374, 12, 929
add-none, 12, 100000, 2400000, 30437700, 12, -27398
add-yield-none, 2, 10, 40, 105210, 2630, 0
add-yield-none, 4, 10, 80, 162099, 2026, 0
add-yield-none, 8, 10, 160, 245326, 1533, 15
add-yield-none, 12, 10, 240, 351753, 1465, 4
add-yield-none, 2, 20, 80, 150368, 1879, 0
add-yield-none, 4, 20, 160, 152871, 955, 8
add-yield-none, 8, 20, 320, 249241, 778, 5
add-yield-none, 12, 20, 480, 349413, 727, 36
add-yield-none, 2, 40, 160, 89148, 557, 24
add-yield-none, 4, 40, 320, 164307, 513, -12
add-yield-none, 8, 40, 640, 264918, 413, 41
add-yield-none, 12, 40, 960, 385924, 402, 60
add-yield-none, 2, 80, 320, 138376, 432, -14
add-yield-none, 4, 80, 640, 222368, 347, 119
add-yield-none, 8, 80, 1280, 246152, 192, 125
add-yield-none, 12, 80, 1920, 371845, 193, 332
add-yield-none, 2, 100, 400, 205685, 514, -5
add-yield-none, 4, 100, 800, 207914, 259, 60
add-yield-none, 8, 100, 1600, 314013, 196, 209
add-yield-none, 12, 100, 2400, 329635, 137, 174
add-yield-none, 2, 1000, 4000, 828934, 207, -63
add-yield-none, 4, 1000, 8000, 869612, 108, 93
add-yield-none, 8, 1000, 16000, 1164835, 72, 241
add-yield-none, 12, 1000, 24000, 1640289, 68, 414
add-yield-none, 2, 10000, 40000, 6927264, 173, -64
add-yield-none, 4, 10000, 80000, 6986308, 87, -553
add-yield-none, 8, 10000, 160000, 9905812, 61, 292
add-yield-none, 12, 10000, 240000, 14476168, 60, -4968
add-yield-none, 2, 100000, 400000, 55149204, 137, -1132
add-yield-none, 4, 100000, 800000, 66957624, 83, -8123
add-yield-none, 8, 100000, 1600000, 96822760, 60, -22140
add-yield-none, 12, 100000, 2400000, 142137815, 59, -792
add-none, 1, 100, 200, 132895, 664, 0
add-none, 1, 1000, 2000, 146150, 73, 0
add-none, 1, 10000, 20000, 264741, 13, 0
add-none, 1, 100000, 200000, 1693442, 8, 0
add-none, 1, 1000000, 2000000, 14813988, 7, 0
add-none, 2, 100, 400, 89640, 224, 0
add-none, 2, 1000, 4000, 152358, 38, 0
add-none, 2, 10000, 40000, 500554, 12, -457
add-none, 2, 100000, 400000, 4229222, 10, -23450
add-none, 2, 1000000, 4000000, 44324368, 11, -338255
add-none, 4, 100, 800, 155131, 193, 0
add-none, 4, 1000, 8000, 148008, 18, 664
add-none, 4, 10000, 80000, 1016922, 12, -2427
add-none, 4, 100000, 800000, 10516703, 13, -39108
add-none, 4, 1000000, 8000000, 96142323, 12, -157668
add-yield-none, 1, 100, 200, 175050, 875, 0
add-yield-none, 1, 1000, 2000, 578197, 289, 0
add-yield-none, 1, 10000, 20000, 4488489, 224, 0
add-yield-none, 1, 100000, 200000, 43598621, 217, 0
add-yield-none, 1, 1000000, 2000000, 437138461, 218, 0
add-yield-none, 2, 100, 400, 169625, 424, 47
add-yield-none, 2, 1000, 4000, 755719, 188, 13
add-yield-none, 2, 10000, 40000, 6677524, 166, -455
add-yield-none, 2, 100000, 400000, 64708176, 161, -3293
add-yield-none, 2, 1000000, 4000000, 643039973, 160, -26605
add-yield-none, 4, 100, 800, 178248, 222, 103
add-yield-none, 4, 1000, 8000, 853136, 106, -196
add-yield-none, 4, 10000, 80000, 6815355, 85, -189
add-yield-none, 4, 100000, 800000, 68013870, 85, -1738
add-yield-none, 4, 1000000, 8000000, 649614610, 81, 342
add-yield-m, 2, 10000, 40000, 15478711, 386, 0
add-yield-m, 4, 10000, 80000, 65040889, 813, 0
add-yield-m, 8, 10000, 160000, 159136006, 994, 0
add-yield-m, 12, 10000, 240000, 224591005, 935, 0
add-yield-s, 2, 10000, 40000, 14517534, 362, 0
add-yield-s, 4, 10000, 80000, 33394767, 417, 0
add-yield-s, 8, 1000, 16000, 10014216, 625, 0
add-yield-s, 12, 1000, 24000, 22988036, 957, 0
add-m, 1, 10000, 20000, 690757, 34, 0
add-m, 2, 10000, 40000, 3426039, 85, 0
add-m, 4, 10000, 80000, 16465370, 205, 0
add-m, 8, 10000, 160000, 25636427, 160, 0
add-m, 12, 10000, 240000, 34719204, 144, 0
add-s, 1, 10000, 20000, 330578, 16, 0
add-s, 2, 10000, 40000, 2850346, 71, 0
add-s, 4, 10000, 80000, 16773398, 209, 0
add-s, 8, 10000, 160000, 44854659, 280, 0
add-s, 12, 10000, 240000, 110728867, 461, 0
add-none, 2, 100, 400, 99984, 249, 0
add-none, 2, 1000, 4000, 101262, 25, 116
add-none, 2, 10000, 40000, 534601, 13, 0
add-none, 2, 100000, 400000, 4330442, 10, -88571
add-none, 4, 100, 800, 117379, 146, 0
add-none, 4, 1000, 8000, 161313, 20, 602
add-none, 4, 10000, 80000, 1092534, 13, -684
add-none, 4, 100000, 800000, 10017371, 12, -28692
add-none, 8, 100, 1600, 198663, 124, 94
add-none, 8, 1000, 16000, 306162, 19, 238
add-none, 8, 10000, 160000, 2149702, 13, 170
add-none, 8, 100000, 1600000, 20505078, 12, -27979
add-none, 12, 100, 2400, 264580, 110, 0
add-none, 12, 1000, 24000, 359148, 14, 935
add-none, 12, 10000, 240000, 3053023, 12, -11719
add-none, 12, 100000, 2400000, 29148760, 12, -136891
add-yield-none, 2, 10, 40, 80913, 2022, 0
add-yield-none, 4, 10, 80, 118894, 1486, 4
add-yield-none, 8, 10, 160, 188248, 1176, 3
add-yield-none, 12, 10, 240, 246571, 1027, 1
add-yield-none, 2, 20, 80, 61707, 771, 0
add-yield-none, 4, 20, 160, 124424, 777, 0
add-yield-none, 8, 20, 320, 185906, 580, 46
add-yield-none, 12, 20, 480, 264301, 550, 37
add-yield-none, 2, 40, 160, 62678, 391, 31
add-yield-none, 4, 40, 320, 108384, 338, 85
add-yield-none, 8, 40, 640, 219461, 342, 100
add-yield-none, 12, 40, 960, 271390, 282, 167
add-yield-none, 2, 80, 320, 81080, 253, 28
add-yield-none, 4, 80, 640, 155763, 243, 95
add-yield-none, 8, 80, 1280, 237531, 185, 79
add-yield-none, 12, 80, 1920, 303116, 157, 208
add-yield-none, 2, 100, 400, 115003, 287, 22
add-yield-none, 4, 100, 800, 176910, 221, 98
add-yield-none, 8, 100, 1600, 250838, 156, 218
add-yield-none, 12, 100, 2400, 1473977, 614, 228
add-yield-none, 2, 1000, 4000, 555572, 138, -19
add-yield-none, 4, 1000, 8000, 762975, 95, 162
add-yield-none, 8, 1000, 16000, 1133982, 70, 238
add-yield-none, 12, 1000, 24000, 1818450, 75, 224
add-yield-none, 2, 10000, 40000, 5051310, 126, -211
add-yield-none, 4, 10000, 80000, 6892989, 86, 71
add-yield-none, 8, 10000, 160000, 9758008, 60, -2518
add-yield-none, 12, 10000, 240000, 15920864, 66, 404
add-yield-none, 2, 100000, 400000, 68891472, 172, -925
add-yield-none, 4, 100000, 800000, 70535287, 88, 124
add-yield-none, 8, 100000, 1600000, 106286976, 66, -21448
add-yield-none, 12, 100000, 2400000, 156383754, 65, -29673
add-none, 1, 100, 200, 75317, 376, 0
add-none, 1, 1000, 2000, 65615, 32, 0
add-none, 1, 10000, 20000, 203509, 10, 0
add-none, 1, 100000, 200000, 1599333, 7, 0
add-none, 1, 1000000, 2000000, 15357063, 7, 0
add-none, 2, 100, 400, 80883, 202, 0
add-none, 2, 1000, 4000, 121639, 30, 0
add-none, 2, 10000, 40000, 598069, 14, 0
add-none, 2, 100000, 400000, 4314580, 10, -11640
add-none, 2, 1000000, 4000000, 46073205, 11, -7786
add-none, 4, 100, 800, 117794, 147, 41
add-none, 4, 1000, 8000, 138665, 17, 259
add-none, 4, 10000, 80000, 1076996, 13, 65
add-none, 4, 100000, 800000, 11200843, 14, -32768
add-none, 4, 1000000, 8000000, 92568491, 11, -19221
add-yield-none, 1, 100, 200, 123451, 617, 0
add-yield-none, 1, 1000, 2000, 574565, 287, 0
add-yield-none, 1, 10000, 20000, 4745209, 237, 0
add-yield-none, 1, 100000, 200000, 47328593, 236, 0
add-yield-none, 1, 1000000, 2000000, 540944432, 270, 0
add-yield-none, 2, 100, 400, 125753, 314, -28
add-yield-none, 2, 1000, 4000, 584623, 146, -35
add-yield-none, 2, 10000, 40000, 5091876, 127, -157
add-yield-none, 2, 100000, 400000, 51187834, 127, -69
add-yield-none, 2, 1000000, 4000000, 488714286, 122, -181
add-yield-none, 4, 100, 800, 177381, 221, 90
add-yield-none, 4, 1000, 8000, 766790, 95, 57
add-yield-none, 4, 10000, 80000, 6931393, 86, 77
add-yield-none, 4, 100000, 800000, 70294559, 87, 23
add-yield-none, 4, 1000000, 8000000, 681448177, 85, -4509
add-yield-m, 2, 10000, 40000, 20947123, 523, 0
add-yield-m, 4, 10000, 80000, 60672037, 758, 0
add-yield-m, 8, 10000, 160000, 165870766, 1036, 0
add-yield-m, 12, 10000, 240000, 250485035, 1043, 0
add-yield-c, 2, 10000, 40000, 13698505, 342, 0
add-yield-c, 4, 10000, 80000, 28499548, 356, 0
add-yield-c, 8, 10000, 160000, 71649897, 447, 0
add-yield-c, 12, 10000, 240000, 114104197, 475, 0
add-yield-s, 2, 10000, 40000, 13286673, 332, 0
add-yield-s, 4, 10000, 80000, 33927233, 424, 0
add-yield-s, 8, 1000, 16000, 13343358, 833, 0
add-yield-s, 12, 1000, 24000, 24941481, 1039, 0
add-m, 1, 10000, 20000, 723299, 36, 0
add-m, 2, 10000, 40000, 10525984, 263, 0
add-m, 4, 10000, 80000, 15738457, 196, 0
add-m, 8, 10000, 160000, 26720605, 167, 0
add-m, 12, 10000, 240000, 36598967, 152, 0
add-c, 1, 10000, 20000, 464956, 23, 0
add-c, 2, 10000, 40000, 4056933, 101, 0
add-c, 4, 10000, 80000, 7372688, 92, 0
add-c, 8, 10000, 160000, 16859029, 105, 0
add-c, 12, 10000, 240000, 22830476, 95, 0
add-s, 1, 10000, 20000, 323699, 16, 0
add-s, 2, 10000, 40000, 3807337, 95, 0
add-s, 4, 10000, 80000, 17754961, 221, 0
add-s, 8, 10000, 160000, 64005157, 400, 0
add-s, 12, 10000, 240000, 119679637, 498, 0
add-none, 2, 100, 400, 105418, 263, 0
add-none, 2, 1000, 4000, 147450, 36, -302
add-none, 2, 10000, 40000, 513928, 12, -321
add-none, 2, 100000, 400000, 4350854, 10, -23546
add-none, 4, 100, 800, 124935, 156, 0
add-none, 4, 1000, 8000, 177879, 22, -7
add-none, 4, 10000, 80000, 1033066, 12, -1429
add-none, 4, 100000, 800000, 10115467, 12, -28794
add-none, 8, 100, 1600, 225692, 141, 0
add-none, 8, 1000, 16000, 307404, 19, 1729
add-none, 8, 10000, 160000, 2018662, 12, -103
add-none, 8, 100000, 1600000, 21031672, 13, -41670
add-none, 12, 100, 2400, 288309, 120, 0
add-none, 12, 1000, 24000, 447859, 18, 1297
add-none, 12, 10000, 240000, 3385851, 14, -6520
add-none, 12, 100000, 2400000, 33953346, 14, -101052
add-yield-none, 2, 10, 40, 93625, 2340, 1
add-yield-none, 4, 10, 80, 135656, 1695, 3
add-yield-none, 8, 10, 160, 222818, 1392, 0
add-yield-none, 12, 10, 240, 324195, 1350, 7
add-yield-none, 2, 20, 80, 80383, 1004, 7
add-yield-none, 4, 20, 160, 105177, 657, 12
add-yield-none, 8, 20, 320, 217627, 680, -7
add-yield-none, 12, 20, 480, 319954, 666, 9
add-yield-none, 2, 40, 160, 104454, 652, 23
add-yield-none, 4, 40, 320, 137944, 431, 33
add-yield-none, 8, 40, 640, 223402, 349, -24
add-yield-none, 12, 40, 960, 365409, 380, 95
add-yield-none, 2, 80, 320, 134037, 418, 34
add-yield-none, 4, 80, 640, 172286, 269, 57
add-yield-none, 8, 80, 1280, 252577, 197, 55
add-yield-none, 12, 80, 1920, 376534, 196, 158
add-yield-none, 2, 100, 400, 138329, 345, 60
add-yield-none, 4, 100, 800, 192107, 240, 92
add-yield-none, 8, 100, 1600, 978785, 611, 109
add-yield-none, 12, 100, 2400, 398315, 165, 373
add-yield-none, 2, 1000, 4000, 595840, 148, -146
add-yield-none, 4, 1000, 8000, 816898, 102, 166
add-yield-none, 8, 1000, 16000, 1145518, 71, 273
add-yield-none, 12, 1000, 24000, 1684697, 70, 379
add-yield-none, 2, 10000, 40000, 5360178, 134, 26
add-yield-none, 4, 10000, 80000, 7020976, 87, -78
add-yield-none, 8, 10000, 160000, 9725780, 60, -899
add-yield-none, 12, 10000, 240000, 16033641, 66, -550
add-yield-none, 2, 100000, 400000, 51556682, 128, -34
add-yield-none, 4, 100000, 800000, 69856419, 87, 56
add-yield-none, 8, 100000, 1600000, 99847568, 62, -5842
add-yield-none, 12, 100000, 2400000, 156850591, 65, -36240
add-none, 1, 100, 200, 87556, 437, 0
add-none, 1, 1000, 2000, 77496, 38, 0
add-none, 1, 10000, 20000, 238540, 11, 0
add-none, 1, 100000, 200000, 1606880, 8, 0
add-none, 1, 1000000, 2000000, 15402198, 7, 0
add-none, 2, 100, 400, 95489, 238, 0
add-none, 2, 1000, 4000, 99785, 24, 912
add-none, 2, 10000, 40000, 492650, 12, -92
add-none, 2, 100000, 400000, 4383443, 10, 2059
add-none, 2, 1000000, 4000000, 48617923, 12, -136378
add-none, 4, 100, 800, 131385, 164, 12
add-none, 4, 1000, 8000, 160326, 20, 265
add-none, 4, 10000, 80000, 1122645, 14, 2055
add-none, 4, 100000, 800000, 9500475, 11, -6788
add-none, 4, 1000000, 8000000, 94552923, 11, -287536
add-yield-none, 1, 100, 200, 128018, 640, 0
add-yield-none, 1, 1000, 2000, 550540, 275, 0
add-yield-none, 1, 10000, 20000, 4860109, 243, 0
add-yield-none, 1, 100000, 200000, 47416653, 237, 0
add-yield-none, 1, 1000000, 2000000, 474852348, 237, 0
add-yield-none, 2, 100, 400, 134019, 335, 24
add-yield-none, 2, 1000, 4000, 564994, 141, -29
add-yield-none, 2, 10000, 40000, 5066295, 126, -156
add-yield-none, 2, 100000, 400000, 51571598, 128, -363
add-yield-none, 2, 1000000, 4000000, 516985823, 129, 4416
add-yield-none, 4, 100, 800, 197376, 246, 44
add-yield-none, 4, 1000, 8000, 805785, 100, 150
add-yield-none, 4, 10000, 80000, 7027283, 87, -9
add-yield-none, 4, 100000, 800000, 69159047, 86, -87
add-yield-none, 4, 1000000, 8000000, 710840878, 88, -16611
add-yield-m, 2, 10000, 40000, 21882925, 547, 0
add-yield-m, 4, 10000, 80000, 58872490, 735, 0
add-yield-m, 8, 10000, 160000, 167233411, 1045, 0
add-yield-m, 12, 10000, 240000, 288100670, 1200, 0
add-yield-c, 2, 10000, 40000, 12653165, 316, 0
add-yield-c, 4, 10000, 80000, 28871471, 360, 0
add-yield-c, 8, 10000, 160000, 75293622, 470, 0
add-yield-c, 12, 10000, 240000, 122349580, 509, 0
add-yield-s, 2, 10000, 40000, 13335782, 333, 0
add-yield-s, 4, 10000, 80000, 33898050, 423, 0
add-yield-s, 8, 1000, 16000, 11272112, 704, 0
add-yield-s, 12, 1000, 24000, 28187007, 1174, 0
add-m, 1, 10000, 20000, 742508, 37, 0
add-m, 2, 10000, 40000, 4352070, 108, 0
add-m, 4, 10000, 80000, 17759971, 221, 0
add-m, 8, 10000, 160000, 27009388, 168, 0
add-m, 12, 10000, 240000, 35272733, 146, 0
add-c, 1, 10000, 20000, 478307, 23, 0
add-c, 2, 10000, 40000, 3674949, 91, 0
add-c, 4, 10000, 80000, 7116383, 88, 0
add-c, 8, 10000, 160000, 15349219, 95, 0
add-c, 12, 10000, 240000, 22296887, 92, 0
add-s, 1, 10000, 20000, 334855, 16, 0
add-s, 2, 10000, 40000, 3082969, 77, 0
add-s, 4, 10000, 80000, 18627935, 232, 0
add-s, 8, 10000, 160000, 48240270, 301, 0
add-s, 12, 10000, 240000, 129992293, 541, 0
add-none, 2, 100, 400, 115633, 289, 67
add-none, 2, 1000, 4000, 140236, 35, -303
add-none, 2, 10000, 40000, 599240, 14, -3046
add-none, 2, 100000, 400000, 4675141, 11, -22553
add-none, 4, 100, 800, 125368, 156, -71
add-none, 4, 1000, 8000, 230848, 28, -373
add-none, 4, 10000, 80000, 1061607, 13, 561
add-none, 4, 100000, 800000, 9095569, 11, -16129
add-none, 8, 100, 1600, 270928, 169, 0
add-none, 8, 1000, 16000, 242715, 15, 7
add-none, 8, 10000, 160000, 2150159, 13, 727
add-none, 8, 100000, 1600000, 20214569, 12, -13722
add-none, 12, 100, 2400, 304784, 126, 0
add-none, 12, 1000, 24000, 421544, 17, 59
add-none, 12, 10000, 240000, 3041959, 12, -78
add-none, 12, 100000, 2400000, 30056485, 12, -45031
add-yield-none, 2, 10, 40, 71869, 1796, 1
add-yield-none, 4, 10, 80, 122364, 1529, 3
add-yield-none, 8, 10, 160, 213256, 1332, 9
add-yield-none, 12, 10, 240, 295672, 1231, 8
add-yield-none, 2, 20, 80, 72039, 900, 18
add-yield-none, 4, 20, 160, 116333, 727, 0
add-yield-none, 8, 20, 320, 211677, 661, 14
add-yield-none, 12, 20, 480, 303958, 633, 12
add-yield-none, 2, 40, 160, 89160, 557, 29
add-yield-none, 4, 40, 320, 110110, 344, 54
add-yield-none, 8, 40, 640, 255247, 398, 79
add-yield-none, 12, 40, 960, 333707, 347, 174
add-yield-none, 2, 80, 320, 114162, 356, 19
add-yield-none, 4, 80, 640, 140928, 220, 121
add-yield-none, 8, 80, 1280, 246525, 192, 182
add-yield-none, 12, 80, 1920, 332638, 173, 56
add-yield-none, 2, 100, 400, 120208, 300, 37
add-yield-none, 4, 100, 800, 149967, 187, 71
add-yield-none, 8, 100, 1600, 252831, 158, 140
add-yield-none, 12, 100, 2400, 338758, 141, 307
add-yield-none, 2, 1000, 4000, 760421, 190, -31
add-yield-none, 4, 1000, 8000, 786654, 98, 81
add-yield-none, 8, 1000, 16000, 1114229, 69, 255
add-yield-none, 12, 1000, 24000, 1634815, 68, 321
add-yield-none, 2, 10000, 40000, 6688816, 167, 18
add-yield-none, 4, 10000, 80000, 7175611, 89, -83
add-yield-none, 8, 10000, 160000, 9450853, 59, 661
add-yield-none, 12, 10000, 240000, 14418916, 60, 1410
add-yield-none, 2, 100000, 400000, 64625315, 161, -1994
add-yield-none, 4, 100000, 800000, 67694104, 84, 181
add-yield-none, 8, 100000, 1600000, 100473992, 62, -24597
add-yield-none, 12, 100000, 2400000, 142248895, 59, -25230
add-none, 1, 100, 200, 153481, 767, 0
add-none, 1, 1000, 2000, 127690, 63, 0
add-none, 1, 10000, 20000, 242971, 12, 0
add-none, 1, 100000, 200000, 1652124, 8, 0
add-none, 1, 1000000, 2000000, 14861866, 7, 0
add-none, 2, 100, 400, 69757, 174, 0
add-none, 2, 1000, 4000, 89952, 22, -28
add-none, 2, 10000, 40000, 536409, 13, -1972
add-none, 2, 100000, 400000, 4462374, 11, -16860
add-none, 2, 1000000, 4000000, 46720570, 11, -176821
add-none, 4, 100, 800, 153172, 191, 26
add-none, 4, 1000, 8000, 174044, 21, -173
add-none, 4, 10000, 80000, 991838, 12, -519
add-none, 4, 100000, 800000, 9419938, 11, -12459
add-none, 4, 1000000, 8000000, 99457330, 12, -104034
add-yield-none, 1, 100, 200, 155067, 775, 0
add-yield-none, 1, 1000, 2000, 544302, 272, 0
add-yield-none, 1, 10000, 20000, 4743858, 237, 0
add-yield-none, 1, 100000, 200000, 45897029, 229, 0
add-yield-none, 1, 1000000, 2000000, 449990070, 224, 0
add-yield-none, 2, 100, 400, 166044, 415, -8
add-yield-none, 2, 1000, 4000, 765791, 191, 115
add-yield-none, 2, 10000, 40000, 6836466, 170, -140
add-yield-none, 2, 100000, 400000, 66151760, 165, -3263
add-yield-none, 2, 1000000, 4000000, 650169471, 162, -5111
add-yield-none, 4, 100, 800, 190423, 238, 117
add-yield-none, 4, 1000, 8000, 820376, 102, 142
add-yield-none, 4, 10000, 80000, 7067357, 88, -136
add-yield-none, 4, 100000, 800000, 68460139, 85, 31
add-yield-none, 4, 1000000, 8000000, 688755118, 86, -21231
add-yield-m, 2, 10000, 40000, 17464641, 436, 0
add-yield-m, 4, 10000, 80000, 64901891, 811, 0
add-yield-m, 8, 10000, 160000, 163745973, 1023, 0
add-yield-m, 12, 10000, 240000, 223335581, 930, 0
add-yield-c, 2, 10000, 40000, 12716432, 317, 0
add-yield-c, 4, 10000, 80000, 31492450, 393, 0
add-yield-c, 8, 10000, 160000, 76924394, 480, 0
add-yield-c, 12, 10000, 240000, 122133580, 508, 0
add-yield-s, 2, 10000, 40000, 14621861, 365, 0
add-yield-s, 4, 10000, 80000, 35044222, 438, 0
add-yield-s, 8, 1000, 16000, 12440346, 777, 0
add-yield-s, 12, 1000, 24000, 23289599, 970, 0
add-m, 1, 10000, 20000, 781947, 39, 0
add-m, 2, 10000, 40000, 3210346, 80, 0
add-m, 4, 10000, 80000, 16249392, 203, 0
add-m, 8, 10000, 160000, 25359540, 158, 0
add-m, 12, 10000, 240000, 35860690, 149, 0
add-c, 1, 10000, 20000, 496154, 24, 0
add-c, 2, 10000, 40000, 2014556, 50, 0
add-c, 4, 10000, 80000, 5905331, 73, 0
add-c, 8, 10000, 160000, 12686990, 79, 0
add-c, 12, 10000, 240000, 20942268, 87, 0
add-s, 1, 10000, 20000, 311906, 15, 0
add-s, 2, 10000, 40000, 3575910, 89, 0
add-s, 4, 10000, 80000, 15961267, 199, 0
add-s, 8, 10000, 160000, 64998245, 406, 0
add-s, 12, 10000, 240000, 118158028, 492, 0
add-none, 2, 100, 400, 99758, 249, 0
add-none, 2, 1000, 4000, 126505, 31, -149
add-none, 2, 10000, 40000, 695218, 17, -1010
add-none, 2, 100000, 400000, 4319041, 10, -20424
add-none, 4, 100, 800, 196511, 245, 0
add-none, 4, 1000, 8000, 141163, 17, 790
add-none, 4, 10000, 80000, 1079160, 13, 1121
add-none, 4, 100000, 800000, 8795321, 10, -26286
add-none, 8, 100, 1600, 253780, 158, 0
add-none, 8, 1000, 16000, 250843, 15, 640
add-none, 8, 10000, 160000, 1989476, 12, 628
add-none, 8, 100000, 1600000, 19947186, 12, -30382
add-none, 12, 100, 2400, 321576, 133, -11
add-none, 12, 1000, 24000, 376042, 15, 1562
add-none, 12, 10000, 240000, 3071409, 12, 5452
add-none, 12, 100000, 2400000, 28530235, 11, -20206
add-yield-none, 2, 10, 40, 109777, 2744, 0
add-yield-none, 4, 10, 80, 157052, 1963, 0
add-yield-none, 8, 10, 160, 226376, 1414, 3
add-yield-none, 12, 10, 240, 336647, 1402, 3
add-yield-none, 2, 20, 80, 96593, 1207, 0
add-yield-none, 4, 20, 160, 167808, 1048, 0
add-yield-none, 8, 20, 320, 180082, 562, 8
add-yield-none, 12, 20, 480, 984762, 2051, 0
add-yield-none, 2, 40, 160, 102428, 640, 0
add-yield-none, 4, 40, 320, 158766, 496, 28
add-yield-none, 8, 40, 640, 234706, 366, 38
add-yield-none, 12, 40, 960, 345039, 359, 87
add-yield-none, 2, 80, 320, 125030, 390, 41
add-yield-none, 4, 80, 640, 179233, 280, 84
add-yield-none, 8, 80, 1280, 231672, 180, 142
add-yield-none, 12, 80, 1920, 328468, 171, 157
add-yield-none, 2, 100, 400, 194248, 485, -3
add-yield-none, 4, 100, 800, 214055, 267, 51
add-yield-none, 8, 100, 1600, 224295, 140, 188
add-yield-none, 12, 100, 2400, 346069, 144, 215
add-yield-none, 2, 1000, 4000, 728525, 182, 63
add-yield-none, 4, 1000, 8000, 861529, 107, 165
add-yield-none, 8, 1000, 16000, 1112031, 69, 347
add-yield-none, 12, 1000, 24000, 1576357, 65, 435
add-yield-none, 2, 10000, 40000, 6661300, 166, -68
add-yield-none, 4, 10000, 80000, 7158307, 89, -417
add-yield-none, 8, 10000, 160000, 9263157, 57, 453
add-yield-none, 12, 10000, 240000, 14937782, 62, 1898
add-yield-none, 2, 100000, 400000, 64599008, 161, -322
add-yield-none, 4, 100000, 800000, 69173649, 86, -310
add-yield-none, 8, 100000, 1600000, 94872174, 59, -2746
add-yield-none, 12, 100000, 2400000, 142491961, 59, -49978
add-none, 1, 100, 200, 131888, 659, 0
add-none, 1, 1000, 2000, 79108, 39, 0
add-none, 1, 10000, 20000, 211695, 10, 0
add-none, 1, 100000, 200000, 1591480, 7, 0
add-none, 1, 1000000, 2000000, 14865784, 7, 0
add-none, 2, 100, 400, 107969, 269, 0
add-none, 2, 1000, 4000, 191048, 47, 17
add-none, 2, 10000, 40000, 411793, 10, 8617
add-none, 2, 100000, 400000, 5928966, 14, -5869
add-none, 2, 1000000, 4000000, 45584427, 11, -105699
add-none, 4, 100, 800, 172384, 215, 9
add-none, 4, 1000, 8000, 122975, 15, 1006
add-none, 4, 10000, 80000, 965315, 12, -1383
add-none, 4, 100000, 800000, 8881693, 11, -28728
add-none, 4, 1000000, 8000000, 106492224, 13, -14029
add-yield-none, 1, 100, 200, 181154, 905, 0
add-yield-none, 1, 1000, 2000, 540247, 270, 0
add-yield-none, 1, 10000, 20000, 4764240, 238, 0
add-yield-none, 1, 100000, 200000, 44482788, 222, 0
add-yield-none, 1, 1000000, 2000000, 436031186, 218, 0
add-yield-none, 2, 100, 400, 164195, 410, 8
add-yield-none, 2, 1000, 4000, 781209, 195, -54
add-yield-none, 2, 10000, 40000, 6668286, 166, -781
add-yield-none, 2, 100000, 400000, 64008723, 160, -336
add-yield-none, 2, 1000000, 4000000, 647402589, 161, -23417
add-yield-none, 4, 100, 800, 233462, 291, 126
add-yield-none, 4, 1000, 8000, 832635, 104, -40
add-yield-none, 4, 10000, 80000, 7189749, 89, 271
add-yield-none, 4, 100000, 800000, 70158760, 87, 459
add-yield-none, 4, 1000000, 8000000, 680100552, 85, -10771
add-yield-m, 2, 10000, 40000, 16149500, 403, 0
add-yield-m, 4, 10000, 80000, 65288299, 816, 0
add-yield-m, 8, 10000, 160000, 155862628, 974, 0
add-yield-m, 12, 10000, 240000, 228643403, 952, 0
add-yield-c, 2, 10000, 40000, 12520768, 313, 0
add-yield-c, 4, 10000, 80000, 30613172, 382, 0
add-yield-c, 8, 10000, 160000, 81475510, 509, 0
add-yield-c, 12, 10000, 240000, 122905560, 512, 0
add-yield-s, 2, 10000, 40000, 13620329, 340, 0
add-yield-s, 4, 10000, 80000, 33693280, 421, 0
add-yield-s, 8, 1000, 16000, 12049456, 753, 0
add-yield-s, 12, 1000, 24000, 27695551, 1153, 0
add-m, 1, 10000, 20000, 774771, 38, 0
add-m, 2, 10000, 40000, 3588304, 89, 0
add-m, 4, 10000, 80000, 14747143, 184, 0
add-m, 8, 10000, 160000, 25410038, 158, 0
add-m, 12, 10000, 240000, 34649245, 144, 0
add-c, 1, 10000, 20000, 464951, 23, 0
add-c, 2, 10000, 40000, 1826278, 45, 0
add-c, 4, 10000, 80000, 5529244, 69, 0
add-c, 8, 10000, 160000, 14734072, 92, 0
add-c, 12, 10000, 240000, 23483095, 97, 0
add-s, 1, 10000, 20000, 320914, 16, 0
add-s, 2, 10000, 40000, 4286237, 107, 0
add-s, 4, 10000, 80000, 15468392, 193, 0
add-s, 8, 10000, 160000, 51616007, 322, 0
add-s, 12, 10000, 240000, 117718015, 490, 0
add-none, 2, 100, 400, 89510, 223, 79
add-none, 2, 1000, 4000, 124620, 31, 0
add-none, 2, 10000, 40000, 526630, 13, -1842
add-none, 2, 100000, 400000, 4491682, 11, -14409
add-none, 4, 100, 800, 143540, 179, 0
add-none, 4, 1000, 8000, 186896, 23, 7
add-none, 4, 10000, 80000, 985576, 12, 733
add-none, 4, 100000, 800000, 9457184, 11, -18952
add-none, 8, 100, 1600, 229051, 143, 0
add-none, 8, 1000, 16000, 330724, 20, 579
add-none, 8, 10000, 160000, 2151847, 13, 7426
add-none, 8, 100000, 1600000, 20134540, 12, -41699
add-none, 12, 100, 2400, 293987, 122, 0
add-none, 12, 1000, 24000, 417139, 17, 663
add-none, 12, 10000, 240000, 3094542, 12, 1139
add-none, 12, 100000, 2400000, 28533582, 11, -20506
add-yield-none, 2, 10, 40, 124795, 3119, 0
add-yield-none, 4, 10, 80, 176173, 2202, 0
add-yield-none, 8, 10, 160, 247796, 1548, 2
add-yield-none, 12, 10, 240, 282605, 1177, 0
add-yield-none, 2, 20, 80, 52248, 653, 14
add-yield-none, 4, 20, 160, 98005, 612, 0
add-yield-none, 8, 20, 320, 192700, 602, 0
add-yield-none, 12, 20, 480, 273329, 569, 36
add-yield-none, 2, 40, 160, 60825, 380, 27
add-yield-none, 4, 40, 320, 143384, 448, -32
add-yield-none, 8, 40, 640, 232979, 364, 30
add-yield-none, 12, 40, 960, 316962, 330, 59
add-yield-none, 2, 80, 320, 118979, 371, 54
add-yield-none, 4, 80, 640, 216776, 338, 1
add-yield-none, 8, 80, 1280, 1055552, 824, 29
add-yield-none, 12, 80, 1920, 443993, 231, 164
add-yield-none, 2, 100, 400, 200576, 501, 0
add-yield-none, 4, 100, 800, 228340, 285, 24
add-yield-none, 8, 100, 1600, 275158, 171, 142
add-yield-none, 12, 100, 2400, 328781, 136, 114
add-yield-none, 2, 1000, 4000, 813232, 203, 24
add-yield-none, 4, 1000, 8000, 848427, 106, 50
add-yield-none, 8, 1000, 16000, 1056819, 66, -1
add-yield-none, 12, 1000, 24000, 1716550, 71, 452
add-yield-none, 2, 10000, 40000, 6923923, 173, 104
add-yield-none, 4, 10000, 80000, 7112450, 88, -725
add-yield-none, 8, 10000, 160000, 9197858, 57, 101
add-yield-none, 12, 10000, 240000, 14589722, 60, 1744
add-yield-none, 2, 100000, 400000, 62901273, 157, -1322
add-yield-none, 4, 100000, 800000, 69809347, 87, 805
add-yield-none, 8, 100000, 1600000, 97033891, 60, -27602
add-yield-none, 12, 100000, 2400000, 136841009, 57, -15274
add-none, 1, 100, 200, 84935, 424, 0
add-none, 1, 1000, 2000, 95921, 47, 0
add-none, 1, 10000, 20000, 248323, 12, 0
add-none, 1, 100000, 200000, 1597467, 7, 0
add-none, 1, 1000000, 2000000, 14932217, 7, 0
add-none, 2, 100, 400, 126594, 316, 0
add-none, 2, 1000, 4000, 144460, 36, 0
add-none, 2, 10000, 40000, 586306, 14, 1709
add-none, 2, 100000, 400000, 4514895, 11, -21021
add-none, 2, 1000000, 4000000, 31377265, 7, -26698
add-none, 4, 100, 800, 142409, 178, 0
add-none, 4, 1000, 8000, 176817, 22, 0
add-none, 4, 10000, 80000, 1022607, 12, 2102
add-none, 4, 100000, 800000, 10237534, 12, -43140
add-none, 4, 1000000, 8000000, 100403078, 12, -158242
add-yield-none, 1, 100, 200, 120793, 603, 0
add-yield-none, 1, 1000, 2000, 1211426, 605, 0
add-yield-none, 1, 10000, 20000, 4816010, 240, 0
add-yield-none, 1, 100000, 200000, 44381152, 221, 0
add-yield-none, 1, 1000000, 2000000, 433588184, 216, 0
add-yield-none, 2, 100, 400, 172620, 431, 98
add-yield-none, 2, 1000, 4000, 699406, 174, 57
add-yield-none, 2, 10000, 40000, 6840592, 171, 145
add-yield-none, 2, 100000, 400000, 65593307, 163, -2377
add-yield-none, 2, 1000000, 4000000, 464774514, 116, -3306
add-yield-none, 4, 100, 800, 188088, 235, 87
add-yield-none, 4, 1000, 8000, 853229, 106, -92
add-yield-none, 4, 10000, 80000, 7048857, 88, -12
add-yield-none, 4, 100000, 800000, 69699432, 87, 90
add-yield-none, 4, 1000000, 8000000, 709146745, 88, -201
add-yield-m, 2, 10000, 40000, 16033287, 400, 0
add-yield-m, 4, 10000, 80000, 64852401, 810, 0
add-yield-m, 8, 10000, 160000, 162933167, 1018, 0
add-yield-m, 12, 10000, 240000, 229747693, 957, 0
add-yield-c, 2, 10000, 40000, 13948806, 348, 0
add-yield-c, 4, 10000, 80000, 32435251, 405, 0
add-yield-c, 8, 10000, 160000, 81993757, 512, 0
add-yield-c, 12, 10000, 240000, 122430285, 510, 0
add-yield-s, 2, 10000, 40000, 14208811, 355, 0
add-yield-s, 4, 10000, 80000, 42366793, 529, 0
add-yield-s, 8, 1000, 16000, 10655334, 665, 0
add-yield-s, 12, 1000, 24000, 27857765, 1160, 0
add-m, 1, 10000, 20000, 749239, 37, 0
add-m, 2, 10000, 40000, 2757083, 68, 0
add-m, 4, 10000, 80000, 15806545, 197, 0
add-m, 8, 10000, 160000, 26913617, 168, 0
add-m, 12, 10000, 240000, 36399152, 151, 0
add-c, 1, 10000, 20000, 451908, 22, 0
add-c, 2, 10000, 40000, 1808259, 45, 0
add-c, 4, 10000, 80000, 5482045, 68, 0
add-c, 8, 10000, 160000, 12815398, 80, 0
add-c, 12, 10000, 240000, 23799500, 99, 0
add-s, 1, 10000, 20000, 349804, 17, 0
add-s, 2, 10000, 40000, 3043886, 76, 0
add-s, 4, 10000, 80000, 15439501, 192, 0
add-s, 8, 10000, 160000, 58996306, 368, 0
add-s, 12, 10000, 240000, 112559544, 468, 0
add-none, 2, 100, 400, 151888, 379, 0
add-none, 2, 1000, 4000, 141021, 35, 0
add-none, 2, 10000, 40000, 487139, 12, -185
add-none, 2, 100000, 400000, 5544489, 13, 7343
add-none, 4, 100, 800, 157177, 196, 26
add-none, 4, 1000, 8000, 220926, 27, 179
add-none, 4, 10000, 80000, 1029152, 12, 3663
add-none, 4, 100000, 800000, 10329204, 12, 13857
add-none, 8, 100, 1600, 221264, 138, 0
add-none, 8, 1000, 16000, 286252, 17, -306
add-none, 8, 10000, 160000, 2094070, 13, -1538
add-none, 8, 100000, 1600000, 19166759, 11, -39143
add-none, 12, 100, 2400, 304830, 127, 0
add-none, 12, 1000, 24000, 410476, 17, 1244
add-none, 12, 10000, 240000, 3368498, 14, 3100
add-none, 12, 100000, 2400000, 28277034, 11, -49164
add-yield-none, 2, 10, 40, 123660, 3091, 0
add-yield-none, 4, 10, 80, 168583, 2107, 0
add-yield-none, 8, 10, 160, 247865, 1549, 9
add-yield-none, 12, 10, 240, 313037, 1304, 4
add-yield-none, 2, 20, 80, 98974, 1237, 0
add-yield-none, 4, 20, 160, 153726, 960, 0
add-yield-none, 8, 20, 320, 205943, 643, 0
add-yield-none, 12, 20, 480, 322089, 671, 0
add-yield-none, 2, 40, 160, 105691, 660, 0
add-yield-none, 4, 40, 320, 145013, 453, 2
add-yield-none, 8, 40, 640, 260210, 406, 49
add-yield-none, 12, 40, 960, 326674, 340, 136
add-yield-none, 2, 80, 320, 141084, 440, 61
add-yield-none, 4, 80, 640, 190025, 296, 89
add-yield-none, 8, 80, 1280, 289923, 226, 41
add-yield-none, 12, 80, 1920, 353541, 184, 165
add-yield-none, 2, 100, 400, 120103, 300, 49
add-yield-none, 4, 100, 800, 222729, 278, 86
add-yield-none, 8, 100, 1600, 282342, 176, 224
add-yield-none, 12, 100, 2400, 347246, 144, 148
add-yield-none, 2, 1000, 4000, 619821, 154, 113
add-yield-none, 4, 1000, 8000, 836020, 104, 166
add-yield-none, 8, 1000, 16000, 1130924, 70, 311
add-yield-none, 12, 1000, 24000, 1613567, 67, 447
add-yield-none, 2, 10000, 40000, 5104297, 127, -133
add-yield-none, 4, 10000, 80000, 7606807, 95, -387
add-yield-none, 8, 10000, 160000, 9766579, 61, -2301
add-yield-none, 12, 10000, 240000, 14734646, 61, 262
add-yield-none, 2, 100000, 400000, 65910468, 164, -1487
add-yield-none, 4, 100000, 800000, 68841862, 86, -254
add-yield-none, 8, 100000, 1600000, 95117192, 59, -25171
add-yield-none, 12, 100000, 2400000, 140627912, 58, -6250
add-none, 1, 100, 200, 78084, 390, 0
add-none, 1, 1000, 2000, 93980, 46, 0
add-none, 1, 10000, 20000, 227206, 11, 0
add-none, 1, 100000, 200000, 1612880, 8, 0
add-none, 1, 1000000, 2000000, 14939600, 7, 0
add-none, 2, 100, 400, 113735, 284, 0
add-none, 2, 1000, 4000, 122936, 30, 0
add-none, 2, 10000, 40000, 830943, 20, 1245
add-none, 2, 100000, 400000, 4270529, 10, -25642
add-none, 2, 1000000, 4000000, 37854064, 9, 564
add-none, 4, 100, 800, 140729, 175, 0
add-none, 4, 1000, 8000, 180068, 22, 163
add-none, 4, 10000, 80000, 1121202, 14, -1585
add-none, 4, 100000, 800000, 10839692, 13, 4813
add-none, 4, 1000000, 8000000, 89271443, 11, -290123
add-yield-none, 1, 100, 200, 111205, 556, 0
add-yield-none, 1, 1000, 2000, 589350, 294, 0
add-yield-none, 1, 10000, 20000, 4787054, 239, 0
add-yield-none, 1, 100000, 200000, 44603496, 223, 0
add-yield-none, 1, 1000000, 2000000, 436374493, 218, 0
add-yield-none, 2, 100, 400, 184940, 462, 96
add-yield-none, 2, 1000, 4000, 724745, 181, 55
add-yield-none, 2, 10000, 40000, 6761699, 169, -572
add-yield-none, 2, 100000, 400000, 65250153, 163, -1808
add-yield-none, 2, 1000000, 4000000, 656160124, 164, -3219
add-yield-none, 4, 100, 800, 200472, 250, 77
add-yield-none, 4, 1000, 8000, 884972, 110, -428
add-yield-none, 4, 10000, 80000, 6971457, 87, -177
add-yield-none, 4, 100000, 800000, 71823039, 89, 1071
add-yield-none, 4, 1000000, 8000000, 678071164, 84, -3637
add-yield-m, 2, 10000, 40000, 18905988, 472, 0
add-yield-m, 4, 10000, 80000, 63621023, 795, 0
add-yield-m, 8, 10000, 160000, 158065582, 987, 0
add-yield-m, 12, 10000, 240000, 230941567, 962, 0
add-yield-c, 2, 10000, 40000, 13635800, 340, 0
add-yield-c, 4, 10000, 80000, 28077009, 350, 0
add-yield-c, 8, 10000, 160000, 76130792, 475, 0
add-yield-c, 12, 10000, 240000, 122402985, 510, 0
add-yield-s, 2, 10000, 40000, 16155331, 403, 0
add-yield-s, 4, 10000, 80000, 32111511, 401, 0
add-yield-s, 8, 1000, 16000, 9809929, 613, 0
add-yield-s, 12, 1000, 24000, 24335199, 1013, 0
add-m, 1, 10000, 20000, 797588, 39, 0
add-m, 2, 10000, 40000, 3679285, 91, 0
add-m, 4, 10000, 80000, 16326097, 204, 0
add-m, 8, 10000, 160000, 25246179, 157, 0
add-m, 12, 10000, 240000, 33637118, 140, 0
add-c, 1, 10000, 20000, 505222, 25, 0
add-c, 2, 10000, 40000, 1899753, 47, 0
add-c, 4, 10000, 80000, 5300384, 66, 0
add-c, 8, 10000, 160000, 13141133, 82, 0
add-c, 12, 10000, 240000, 25602353, 106, 0
add-s, 1, 10000, 20000, 340458, 17, 0
add-s, 2, 10000, 40000, 3464976, 86, 0
add-s, 4, 10000, 80000, 18729804, 234, 0
add-s, 8, 10000, 160000, 53844789, 336, 0
add-s, 12, 10000, 240000, 132538069, 552, 0
add-none, 2, 100, 400, 119094, 297, 0
add-none, 2, 1000, 4000, 125926, 31, 0
add-none, 2, 10000, 40000, 523807, 13, -910
add-none, 2, 100000, 400000, 4475395, 11, -20089
add-none, 4, 100, 800, 109313, 136, 0
add-none, 4, 1000, 8000, 144345, 18, 0
add-none, 4, 10000, 80000, 1015421, 12, -1776
add-none, 4, 100000, 800000, 9684224, 12, -42127
add-none, 8, 100, 1600, 230700, 144, 0
add-none, 8, 1000, 16000, 295758, 18, 793
add-none, 8, 10000, 160000, 2028989, 12, -5898
add-none, 8, 100000, 1600000, 20031488, 12, -23780
add-none, 12, 100, 2400, 304059, 126, 130
add-none, 12, 1000, 24000, 394061, 16, 1107
add-none, 12, 10000, 240000, 2940090, 12, -775
add-none, 12, 100000, 2400000, 28432232, 11, -29450
add-yield-none, 2, 10, 40, 82159, 2053, 0
add-yield-none, 4, 10, 80, 136168, 1702, 0
add-yield-none, 8, 10, 160, 243840, 1524, 0
add-yield-none, 12, 10, 240, 325733, 1357, 1
add-yield-none, 2, 20, 80, 83004, 1037, 0
add-yield-none, 4, 20, 160, 145362, 908, 16
add-yield-none, 8, 20, 320, 191118, 597, 0
add-yield-none, 12, 20, 480, 276347, 575, 4
add-yield-none, 2, 40, 160, 107399, 671, 0
add-yield-none, 4, 40, 320, 143624, 448, 88
add-yield-none, 8, 40, 640, 208709, 326, 38
add-yield-none, 12, 40, 960, 310620, 323, 183
add-yield-none, 2, 80, 320, 99495, 310, 41
add-yield-none, 4, 80, 640, 144771, 226, 85
add-yield-none, 8, 80, 1280, 256593, 200, 206
add-yield-none, 12, 80, 1920, 308690, 160, 262
add-yield-none, 2, 100, 400, 110911, 277, 44
add-yield-none, 4, 100, 800, 186218, 232, 183
add-yield-none, 8, 100, 1600, 273227, 170, 20
add-yield-none, 12, 100, 2400, 315427, 131, 404
add-yield-none, 2, 1000, 4000, 774655, 193, 1
add-yield-none, 4, 1000, 8000, 817436, 102, 105
add-yield-none, 8, 1000, 16000, 1135807, 70, 108
add-yield-none, 12, 1000, 24000, 1690567, 70, 394
add-yield-none, 2, 10000, 40000, 4862041, 121, -25
add-yield-none, 4, 10000, 80000, 6893076, 86, -106
add-yield-none, 8, 10000, 160000, 10383403, 64, -32
add-yield-none, 12, 10000, 240000, 15077083, 62, 239
add-yield-none, 2, 100000, 400000, 50287884, 125, -305
add-yield-none, 4, 100000, 800000, 70606704, 88, -835
add-yield-none, 8, 100000, 1600000, 93993063, 58, -12909
add-yield-none, 12, 100000, 2400000, 145495237, 60, -53892
add-none, 1, 100, 200, 82838, 414, 0
add-none, 1, 1000, 2000, 97246, 48, 0
add-none, 1, 10000, 20000, 229083, 11, 0
add-none, 1, 100000, 200000, 1701980, 8, 0
add-none, 1, 1000000, 2000000, 15061333, 7, 0
add-none, 2, 100, 400, 96775, 241, 0
add-none, 2, 1000, 4000, 124315, 31, 0
add-none, 2, 10000, 40000, 531086, 13, -1094
add-none, 2, 100000, 400000, 5594052, 13, -81
add-none, 2, 1000000, 4000000, 45594564, 11, -171338
add-none, 4, 100, 800, 147863, 184, 0
add-none, 4, 1000, 8000, 156487, 19, 884
add-none, 4, 10000, 80000, 1014242, 12, -656
add-none, 4, 100000, 800000, 9354608, 11, 6171
add-none, 4, 1000000, 8000000, 98357531, 12, -135290
add-yield-none, 1, 100, 200, 112388, 561, 0
add-yield-none, 1, 1000, 2000, 548654, 274, 0
add-yield-none, 1, 10000, 20000, 4810499, 240, 0
add-yield-none, 1, 100000, 200000, 45988838, 229, 0
add-yield-none, 1, 1000000, 2000000, 457313234, 228, 0
add-yield-none, 2, 100, 400, 169412, 423, -3
add-yield-none, 2, 1000, 4000, 817292, 204, -13
add-yield-none, 2, 10000, 40000, 6850314, 171, -120
add-yield-none, 2, 100000, 400000, 67455049, 168, -245
add-yield-none, 2, 1000000, 4000000, 504822495, 126, 119
add-yield-none, 4, 100, 800, 222541, 278, 97
add-yield-none, 4, 1000, 8000, 823981, 102, -120
add-yield-none, 4, 10000, 80000, 7104659, 88, -55
add-yield-none, 4, 100000, 800000, 68870820, 86, -2326
add-yield-none, 4, 1000000, 8000000, 702198860, 87, -3975
add-yield-m, 2, 10000, 40000, 18332780, 458, 0
add-yield-m, 4, 10000, 80000, 64906586, 811, 0
add-yield-m, 8, 10000, 160000, 175550651, 1097, 0
add-yield-m, 12, 10000, 240000, 238056816, 991, 0
add-yield-c, 2, 10000, 40000, 12442487, 311, 0
add-yield-c, 4, 10000, 80000, 32696503, 408, 0
add-yield-c, 8, 10000, 160000, 82079637, 512, 0
add-yield-c, 12, 10000, 240000, 129828393, 540, 0
add-yield-s, 2, 10000, 40000, 13478399, 336, 0
add-yield-s, 4, 10000, 80000, 40661372, 508, 0
add-yield-s, 8, 1000, 16000, 11262543, 703, 0
add-yield-s, 12, 1000, 24000, 26489204, 1103, 0
add-m, 1, 10000, 20000, 743034, 37, 0
add-m, 2, 10000, 40000, 3146296, 78, 0
add-m, 4, 10000, 80000, 16798737, 209, 0
add-m, 8, 10000, 160000, 25765967, 161, 0
add-m, 12, 10000, 240000, 35308796, 147, 0
add-c, 1, 10000, 20000, 495294, 24, 0
add-c, 2, 10000, 40000, 2029703, 50, 0
add-c, 4, 10000, 80000, 6123252, 76, 0
add-c, 8, 10000, 160000, 13810698, 86, 0
add-c, 12, 10000, 240000, 20718562, 86, 0
add-s, 1, 10000, 20000, 472628, 23, 0
add-s, 2, 10000, 40000, 2424378, 60, 0
add-s, 4, 10000, 80000, 20357182, 254, 0
add-s, 8, 10000, 160000, 63392461, 396, 0
add-s, 12, 10000, 240000, 119847578, 499, 0
add-none, 2, 100, 400, 109000, 272, 0
add-none, 2, 1000, 4000, 127717, 31, -136
add-none, 2, 10000, 40000, 511244, 12, 271
add-none, 2, 100000, 400000, 4311584, 10, -10149
add-none, 4, 100, 800, 115528, 144, 0
add-none, 4, 1000, 8000, 146987, 18, 0
add-none, 4, 10000, 80000, 1073180, 13, 128
add-none, 4, 100000, 800000, 9922747, 12, -16946
add-none, 8, 100, 1600, 232601, 145, 47
add-none, 8, 1000, 16000, 333273, 20, 612
add-none, 8, 10000, 160000, 2104469, 13, -690
add-none, 8, 100000, 1600000, 19685457, 12, -32768
add-none, 12, 100, 2400, 289036, 120, 0
add-none, 12, 1000, 24000, 412450, 17, -87
add-none, 12, 10000, 240000, 3012179, 12, 2732
add-none, 12, 100000, 2400000, 29156949, 12, -39468
add-yield-none, 2, 10, 40, 112905, 2822, 0
add-yield-none, 4, 10, 80, 131582, 1644, 0
add-yield-none, 8, 10, 160, 239079, 1494, 0
add-yield-none, 12, 10, 240, 315585, 1314, 0
add-yield-none, 2, 20, 80, 65208, 815, 0
add-yield-none, 4, 20, 160, 117861, 736, 3
add-yield-none, 8, 20, 320, 221489, 692, 37
add-yield-none, 12, 20, 480, 306898, 639, 33
add-yield-none, 2, 40, 160, 76103, 475, 34
add-yield-none, 4, 40, 320, 131602, 411, -9
add-yield-none, 8, 40, 640, 213397, 333, 118
add-yield-none, 12, 40, 960, 286595, 298, 134
add-yield-none, 2, 80, 320, 124746, 389, -5
add-yield-none, 4, 80, 640, 144624, 225, 18
add-yield-none, 8, 80, 1280, 249450, 194, 144
add-yield-none, 12, 80, 1920, 327985, 170, 366
add-yield-none, 2, 100, 400, 155706, 389, -17
add-yield-none, 4, 100, 800, 185682, 232, 168
add-yield-none, 8, 100, 1600, 285762, 178, 110
add-yield-none, 12, 100, 2400, 340381, 141, 162
add-yield-none, 2, 1000, 4000, 770168, 192, 4
add-yield-none, 4, 1000, 8000, 2299230, 287, 54
add-yield-none, 8, 1000, 16000, 1165433, 72, -136
add-yield-none, 12, 1000, 24000, 1598281, 66, 380
add-yield-none, 2, 10000, 40000, 6835870, 170, -213
add-yield-none, 4, 10000, 80000, 7137818, 89, -204
add-yield-none, 8, 10000, 160000, 9377779, 58, -894
add-yield-none, 12, 10000, 240000, 14238663, 59, 473
add-yield-none, 2, 100000, 400000, 66488069, 166, -1794
add-yield-none, 4, 100000, 800000, 68496960, 85, -3221
add-yield-none, 8, 100000, 1600000, 98555298, 61, -18495
add-yield-none, 12, 100000, 2400000, 138230366, 57, -11810
add-none, 1, 100, 200, 80271, 401, 0
add-none, 1, 1000, 2000, 93098, 46, 0
add-none, 1, 10000, 20000, 230954, 11, 0
add-none, 1, 100000, 200000, 1723062, 8, 0
add-none, 1, 1000000, 2000000, 15284847, 7, 0
add-none, 2, 100, 400, 106750, 266, 0
add-none, 2, 1000, 4000, 118879, 29, 0
add-none, 2, 10000, 40000, 632127, 15, -139
add-none, 2, 100000, 400000, 4633454, 11, -17860
add-none, 2, 1000000, 4000000, 45313634, 11, -107058
add-none, 4, 100, 800, 131669, 164, 0
add-none, 4, 1000, 8000, 165804, 20, 406
add-none, 4, 10000, 80000, 1044530, 13, 2907
add-none, 4, 100000, 800000, 10586183, 13, -80914
add-none, 4, 1000000, 8000000, 98674843, 12, -162778
add-yield-none, 1, 100, 200, 128004, 640, 0
add-yield-none, 1, 1000, 2000, 527167, 263, 0
add-yield-none, 1, 10000, 20000, 4818486, 240, 0
add-yield-none, 1, 100000, 200000, 46237734, 231, 0
add-yield-none, 1, 1000000, 2000000, 455579938, 227, 0
add-yield-none, 2, 100, 400, 174918, 437, 66
add-yield-none, 2, 1000, 4000, 804981, 201, -5
add-yield-none, 2, 10000, 40000, 6812612, 170, -1
add-yield-none, 2, 100000, 400000, 66824972, 167, -1395
add-yield-none, 2, 1000000, 4000000, 665681861, 166, -10135
add-yield-none, 4, 100, 800, 192989, 241, 151
add-yield-none, 4, 1000, 8000, 819807, 102, 174
add-yield-none, 4, 10000, 80000, 7090674, 88, 164
add-yield-none, 4, 100000, 800000, 75645359, 94, -1972
add-yield-none, 4, 1000000, 8000000, 699750440, 87, 261
add-yield-m, 2, 10000, 40000, 19643378, 491, 0
add-yield-m, 4, 10000, 80000, 65186765, 814, 0
add-yield-m, 8, 10000, 160000, 163370582, 1021, 0
add-yield-m, 12, 10000, 240000, 225116579, 937, 0
add-yield-c, 2, 10000, 40000, 12440784, 311, 0
add-yield-c, 4, 10000, 80000, 29037969, 362, 0
add-yield-c, 8, 10000, 160000, 80645332, 504, 0
add-yield-c, 12, 10000, 240000, 123466551, 514, 0
add-yield-s, 2, 10000, 40000, 14857439, 371, 0
add-yield-s, 4, 10000, 80000, 40948620, 511, 0
add-yield-s, 8, 1000, 16000, 11599995, 724, 0
add-yield-s, 12, 1000, 24000, 22236878, 926, 0
add-m, 1, 10000, 20000, 720965, 36, 0
add-m, 2, 10000, 40000, 3722091, 93, 0
add-m, 4, 10000, 80000, 16539115, 206, 0
add-m, 8, 10000, 160000, 26852547, 167, 0
add-m, 12, 10000, 240000, 33565758, 139, 0
add-c, 1, 10000, 20000, 488210, 24, 0
add-c, 2, 10000, 40000, 1558757, 38, 0
add-c, 4, 10000, 80000, 5386792, 67, 0
add-c, 8, 10000, 160000, 12318946, 76, 0
add-c, 12, 10000, 240000, 23942486, 99, 0
add-s, 1, 10000, 20000, 332658, 16, 0
add-s, 2, 10000, 40000, 3666862, 91, 0
add-s, 4, 10000, 80000, 20592510, 257, 0
add-s, 8, 10000, 160000, 53229675, 332, 0
add-s, 12, 10000, 240000, 127086414, 529, 0
add-none , 2, 100, 400, 122193, 305, 0
add-none , 2, 1000, 4000, 90333, 22, 0
add-none , 2, 10000, 40000, 512354, 12, -2027
add-none , 2, 100000, 400000, 4615675, 11, -18584
add-none , 4, 100, 800, 128750, 160, 0
add-none , 4, 1000, 8000, 174952, 21, 432
add-none , 4, 10000, 80000, 1072424, 13, -257
add-none , 4, 100000, 800000, 9356152, 11, -38985
add-none , 8, 100, 1600, 201149, 125, 0
add-none , 8, 1000, 16000, 227649, 14, 1098
add-none , 8, 10000, 160000, 2288916, 14, -2187
add-none , 8, 100000, 1600000, 19189617, 11, -9697
add-none , 12, 100, 2400, 296060, 123, 0
add-none , 12, 1000, 24000, 397558, 16, 62
add-none , 12, 10000, 240000, 3183443, 13, 4272
add-none , 12, 100000, 2400000, 29081940, 12, -17531
add-yield-none , 2, 10, 40, 110574, 2764, 0
add-yield-none , 4, 10, 80, 129893, 1623, 0
add-yield-none , 8, 10, 160, 210645, 1316, 0
add-yield-none , 12, 10, 240, 299629, 1248, 5
add-yield-none , 2, 20, 80, 65286, 816, 0
add-yield-none , 4, 20, 160, 103734, 648, 1
add-yield-none , 8, 20, 320, 197118, 615, 15
add-yield-none , 12, 20, 480, 306172, 637, 41
add-yield-none , 2, 40, 160, 77823, 486, 28
add-yield-none , 4, 40, 320, 129196, 403, 10
add-yield-none , 8, 40, 640, 249231, 389, 110
add-yield-none , 12, 40, 960, 343363, 357, 175
add-yield-none , 2, 80, 320, 112605, 351, 9
add-yield-none , 4, 80, 640, 143420, 224, 97
add-yield-none , 8, 80, 1280, 236082, 184, 64
add-yield-none , 12, 80, 1920, 336793, 175, 228
add-yield-none , 2, 100, 400, 141243, 353, -65
add-yield-none , 4, 100, 800, 172999, 216, 125
add-yield-none , 8, 100, 1600, 248002, 155, 154
add-yield-none , 12, 100, 2400, 374271, 155, 155
add-yield-none , 2, 1000, 4000, 758002, 189, -68
add-yield-none , 4, 1000, 8000, 801570, 100, 115
add-yield-none , 8, 1000, 16000, 1196344, 74, 296
add-yield-none , 12, 1000, 24000, 1542530, 64, 415
add-yield-none , 2, 10000, 40000, 6821539, 170, -257
add-yield-none , 4, 10000, 80000, 7084604, 88, 146
add-yield-none , 8, 10000, 160000, 10239608, 63, 339
add-yield-none , 12, 10000, 240000, 13997687, 58, -44
add-yield-none , 2, 100000, 400000, 65779447, 164, 247
add-yield-none , 4, 100000, 800000, 69520967, 86, -293
add-yield-none , 8, 100000, 1600000, 95726271, 59, -3203
add-yield-none , 12, 100000, 2400000, 141808008, 59, 1363
add-none , 1, 100, 200, 82216, 411, 0
add-none , 1, 1000, 2000, 62956, 31, 0
add-none , 1, 10000, 20000, 229952, 11, 0
add-none , 1, 100000, 200000, 1613389, 8, 0
add-none , 1, 1000000, 2000000, 15291970, 7, 0
add-none , 2, 100, 400, 99899, 249, 0
add-none , 2, 1000, 4000, 120166, 30, 0
add-none , 2, 10000, 40000, 518167, 12, 212
add-none , 2, 100000, 400000, 4278187, 10, -10137
add-none , 2, 1000000, 4000000, 46282038, 11, -98213
add-none , 4, 100, 800, 121599, 151, 0
add-none , 4, 1000, 8000, 176068, 22, 178
add-none , 4, 10000, 80000, 1117365, 13, -6049
add-none , 4, 100000, 800000, 10003809, 12, -20820
add-none , 4, 1000000, 8000000, 89884589, 11, -487157
add-yield-none , 1, 100, 200, 132386, 661, 0
add-yield-none , 1, 1000, 2000, 549694, 274, 0
add-yield-none , 1, 10000, 20000, 4800017, 240, 0
add-yield-none , 1, 100000, 200000, 45926822, 229, 0
add-yield-none , 1, 1000000, 2000000, 455228967, 227, 0
add-yield-none , 2, 100, 400, 165993, 414, 90
add-yield-none , 2, 1000, 4000, 782811, 195, -30
add-yield-none , 2, 10000, 40000, 6867169, 171, -93
add-yield-none , 2, 100000, 400000, 67609170, 169, -688
add-yield-none , 2, 1000000, 4000000, 647175761, 161, -2322
add-yield-none , 4, 100, 800, 220079, 275, -2
add-yield-none , 4, 1000, 8000, 789559, 98, -7
add-yield-none , 4, 10000, 80000, 7165178, 89, -47
add-yield-none , 4, 100000, 800000, 67882362, 84, 145
add-yield-none , 4, 1000000, 8000000, 696370750, 87, -11607
add-yield-m , 2, 10000, 40000, 16293839, 407, 0
add-yield-m , 4, 10000, 80000, 64813435, 810, 0
add-yield-m , 8, 10000, 160000, 161449760, 1009, 0
add-yield-m , 12, 10000, 240000, 225183851, 938, 0
add-yield-c , 2, 10000, 40000, 12389662, 309, 0
add-yield-c , 4, 10000, 80000, 31666562, 395, 0
add-yield-c , 8, 10000, 160000, 84270990, 526, 0
add-yield-c , 12, 10000, 240000, 132548096, 552, 0
add-yield-s , 2, 10000, 40000, 13780064, 344, 0
add-yield-s , 4, 10000, 80000, 49753398, 621, 0
add-yield-s , 8, 1000, 16000, 16194234, 1012, 0
add-yield-s , 12, 1000, 24000, 22512370, 938, 0
add-m , 1, 10000, 20000, 770516, 38, 0
add-m , 2, 10000, 40000, 2853992, 71, 0
add-m , 4, 10000, 80000, 17204429, 215, 0
add-m , 8, 10000, 160000, 25836783, 161, 0
add-m , 12, 10000, 240000, 36087488, 150, 0
add-c , 1, 10000, 20000, 546619, 27, 0
add-c , 2, 10000, 40000, 1867602, 46, 0
add-c , 4, 10000, 80000, 5510667, 68, 0
add-c , 8, 10000, 160000, 13644052, 85, 0
add-c , 12, 10000, 240000, 25274227, 105, 0
add-s , 1, 10000, 20000, 384481, 19, 0
add-s , 2, 10000, 40000, 3873010, 96, 0
add-s , 4, 10000, 80000, 13801729, 172, 0
add-s , 8, 10000, 160000, 47725512, 298, 0
add-s , 12, 10000, 240000, 124364427, 518, 0
add-none,2,100,400,106455,266,0
add-none,2,1000,4000,93701,23,345
add-none,2,10000,40000,513409,12,-1321
add-none,2,100000,400000,4651306,11,-22141
add-none,4,100,800,142223,177,0
add-none,4,1000,8000,166629,20,528
add-none,4,10000,80000,1123414,14,-3114
add-none,4,100000,800000,11589353,14,-22022
add-none,8,100,1600,238665,149,42
add-none,8,1000,16000,258366,16,1357
add-none,8,10000,160000,2206001,13,-1879
add-none,8,100000,1600000,18652043,11,-15151
add-none,12,100,2400,347368,144,0
add-none,12,1000,24000,422177,17,-218
add-none,12,10000,240000,3012077,12,88
add-none,12,100000,2400000,28815770,12,-31707
add-yield-none,2,10,40,118144,2953,0
add-yield-none,4,10,80,143096,1788,0
add-yield-none,8,10,160,210298,1314,3
add-yield-none,12,10,240,325131,1354,1
add-yield-none,2,20,80,98250,1228,-4
add-yield-none,4,20,160,158588,991,9
add-yield-none,8,20,320,204021,637,9
add-yield-none,12,20,480,290666,605,42
add-yield-none,2,40,160,106014,662,0
add-yield-none,4,40,320,130445,407,33
add-yield-none,8,40,640,236276,369,99
add-yield-none,12,40,960,361118,376,153
add-yield-none,2,80,320,131786,411,-5
add-yield-none,4,80,640,178392,278,87
add-yield-none,8,80,1280,284524,222,163
add-yield-none,12,80,1920,325962,169,367
add-yield-none,2,100,400,144518,361,-20
add-yield-none,4,100,800,202028,252,138
add-yield-none,8,100,1600,279386,174,169
add-yield-none,12,100,2400,363565,151,319
add-yield-none,2,1000,4000,735556,183,14
add-yield-none,4,1000,8000,767998,95,-49
add-yield-none,8,1000,16000,1175152,73,346
add-yield-none,12,1000,24000,1623625,67,260
add-yield-none,2,10000,40000,6848494,171,251
add-yield-none,4,10000,80000,7038089,87,179
add-yield-none,8,10000,160000,9870806,61,-1989
add-yield-none,12,10000,240000,14109715,58,150
add-yield-none,2,100000,400000,67364899,168,-2462
add-yield-none,4,100000,800000,70782934,88,2397
add-yield-none,8,100000,1600000,91059768,56,-19438
add-yield-none,12,100000,2400000,140986394,58,-28431
add-none,1,100,200,105580,527,0
add-none,1,1000,2000,110014,55,0
add-none,1,10000,20000,253060,12,0
add-none,1,100000,200000,1716967,8,0
add-none,1,1000000,2000000,14875696,7,0
add-none,2,100,400,98805,247,0
add-none,2,1000,4000,125431,31,0
add-none,2,10000,40000,510704,12,-1898
add-none,2,100000,400000,4757710,11,-27349
add-none,2,1000000,4000000,42845173,10,-226113
add-none,4,100,800,146608,183,-34
add-none,4,1000,8000,169596,21,40
add-none,4,10000,80000,1031438,12,2766
add-none,4,100000,800000,9291847,11,-12984
add-none,4,1000000,8000000,97689064,12,-310465
add-yield-none,1,100,200,181673,908,0
add-yield-none,1,1000,2000,641520,320,0
add-yield-none,1,10000,20000,4709822,235,0
add-yield-none,1,100000,200000,45960942,229,0
add-yield-none,1,1000000,2000000,462110176,231,0
add-yield-none,2,100,400,143761,359,52
add-yield-none,2,1000,4000,768499,192,-19
add-yield-none,2,10000,40000,6969907,174,-110
add-yield-none,2,100000,400000,67319423,168,-1470
add-yield-none,2,1000000,4000000,476454902,119,-428
add-yield-none,4,100,800,217827,272,67
add-yield-none,4,1000,8000,794874,99,1
add-yield-none,4,10000,80000,7218282,90,-220
add-yield-none,4,100000,800000,67987911,84,-8
add-yield-none,4,1000000,8000000,701406996,87,-21125
add-yield-m,2,10000,40000,15881473,397,0
add-yield-m,4,10000,80000,59737873,746,0
add-yield-m,8,10000,160000,153541855,959,0
add-yield-m,12,10000,240000,227919088,949,0
add-yield-c,2,10000,40000,13861200,346,0
add-yield-c,4,10000,80000,28067529,350,0
add-yield-c,8,10000,160000,78403166,490,0
add-yield-c,12,10000,240000,125450155,522,0
add-yield-s,2,10000,40000,15060500,376,0
add-yield-s,4,10000,80000,39267941,490,0
add-yield-s,8,1000,16000,16005419,1000,0
add-yield-s,12,1000,24000,24324733,1013,0
add-m,1,10000,20000,776165,38,0
add-m,2,10000,40000,3162532,79,0
add-m,4,10000,80000,16064670,200,0
add-m,8,10000,160000,25960360,162,0
add-m,12,10000,240000,36917971,153,0
add-c,1,10000,20000,464722,23,0
add-c,2,10000,40000,1886670,47,0
add-c,4,10000,80000,6210242,77,0
add-c,8,10000,160000,14004890,87,0
add-c,12,10000,240000,22617495,94,0
add-s,1,10000,20000,360207,18,0
add-s,2,10000,40000,1675711,41,0
add-s,4,10000,80000,18479427,230,0
add-s,8,10000,160000,57833823,361,0
add-s,12,10000,240000,119117224,496,0
add-none,2,100,400,366655,916,0
add-none,2,1000,4000,123176,30,-29
add-none,2,10000,40000,527922,13,-558
add-none,2,100000,400000,4934487,12,-19802
add-none,4,100,800,106938,133,0
add-none,4,1000,8000,188118,23,-252
add-none,4,10000,80000,1034043,12,2016
add-none,4,100000,800000,11414159,14,-19972
add-none,8,100,1600,236850,148,0
add-none,8,1000,16000,290959,18,-8
add-none,8,10000,160000,2117464,13,-3623
add-none,8,100000,1600000,19895701,12,-25390
add-none,12,100,2400,301052,125,-5
add-none,12,1000,24000,332056,13,795
add-none,12,10000,240000,3139923,13,-326
add-none,12,100000,2400000,30641104,12,-10659
add-yield-none,2,10,40,112401,2810,0
add-yield-none,4,10,80,173096,2163,0
add-yield-none,8,10,160,256707,1604,1
add-yield-none,12,10,240,320221,1334,0
add-yield-none,2,20,80,65631,820,0
add-yield-none,4,20,160,112541,703,0
add-yield-none,8,20,320,214063,668,3
add-yield-none,12,20,480,280889,585,13
add-yield-none,2,40,160,79041,494,28
add-yield-none,4,40,320,183490,573,-27
add-yield-none,8,40,640,252097,393,81
add-yield-none,12,40,960,303357,315,114
add-yield-none,2,80,320,116473,363,57
add-yield-none,4,80,640,131481,205,52
add-yield-none,8,80,1280,279697,218,139
add-yield-none,12,80,1920,310734,161,184
add-yield-none,2,100,400,120890,302,-3
add-yield-none,4,100,800,206213,257,8
add-yield-none,8,100,1600,247537,154,199
add-yield-none,12,100,2400,345990,144,115
add-yield-none,2,1000,4000,635038,158,-163
add-yield-none,4,1000,8000,788903,98,144
add-yield-none,8,1000,16000,1061660,66,287
add-yield-none,12,1000,24000,1510121,62,427
add-yield-none,2,10000,40000,6839665,170,-101
add-yield-none,4,10000,80000,6926566,86,-738
add-yield-none,8,10000,160000,8668677,54,-462
add-yield-none,12,10000,240000,13377804,55,-4606
add-yield-none,2,100000,400000,65647783,164,-1283
add-yield-none,4,100000,800000,68664599,85,-2450
add-yield-none,8,100000,1600000,89283421,55,-1255
add-yield-none,12,100000,2400000,140080585,58,7869
add-none,1,100,200,98167,490,0
add-none,1,1000,2000,67028,33,0
add-none,1,10000,20000,261432,13,0
add-none,1,100000,200000,1733806,8,0
add-none,1,1000000,2000000,15713499,7,0
add-none,2,100,400,107077,267,0
add-none,2,1000,4000,145760,36,0
add-none,2,10000,40000,518788,12,-2266
add-none,2,100000,400000,4208452,10,-28775
add-none,2,1000000,4000000,40710637,10,-248776
add-none,4,100,800,136861,171,0
add-none,4,1000,8000,182957,22,332
add-none,4,10000,80000,991247,12,-9
add-none,4,100000,800000,9695783,12,-24828
add-none,4,1000000,8000000,107767056,13,-376653
add-yield-none,1,100,200,151024,755,0
add-yield-none,1,1000,2000,599715,299,0
add-yield-none,1,10000,20000,4727421,236,0
add-yield-none,1,100000,200000,44451279,222,0
add-yield-none,1,1000000,2000000,441162206,220,0
add-yield-none,2,100,400,154747,386,15
add-yield-none,2,1000,4000,710682,177,77
add-yield-none,2,10000,40000,6763236,169,-333
add-yield-none,2,100000,400000,65176668,162,-159
add-yield-none,2,1000000,4000000,650745596,162,-23577
add-yield-none,4,100,800,195321,244,55
add-yield-none,4,1000,8000,886322,110,390
add-yield-none,4,10000,80000,7218006,90,14
add-yield-none,4,100000,800000,67571047,84,1446
add-yield-none,4,1000000,8000000,694324739,86,-52751
add-yield-m,2,10000,40000,16817789,420,0
add-yield-m,4,10000,80000,64299723,803,0
add-yield-m,8,10000,160000,157957323,987,0
add-yield-m,12,10000,240000,226719967,944,0
add-yield-c,2,10000,40000,13088500,327,0
add-yield-c,4,10000,80000,31889981,398,0
add-yield-c,8,10000,160000,79522800,497,0
add-yield-c,12,10000,240000,114407543,476,0
add-yield-s,2,10000,40000,13960399,349,0
add-yield-s,4,10000,80000,31944272,399,0
add-yield-s,8,1000,16000,8993223,562,0
add-yield-s,12,1000,24000,27025341,1126,0
add-m,1,10000,20000,727390,36,0
add-m,2,10000,40000,3170489,79,0
add-m,4,10000,80000,14567237,182,0
add-m,8,10000,160000,28728714,179,0
add-m,12,10000,240000,32554608,135,0
add-c,1,10000,20000,475104,23,0
add-c,2,10000,40000,1756235,43,0
add-c,4,10000,80000,5923467,74,0
add-c,8,10000,160000,14820851,92,0
add-c,12,10000,240000,19578952,81,0
add-s,1,10000,20000,339818,16,0
add-s,2,10000,40000,2842858,71,0
add-s,4,10000,80000,16102554,201,0
add-s,8,10000,160000,45016722,281,0
add-s,12,10000,240000,113809605,474,0
add-none,2,100,400,116732,291,0
add-none,2,1000,4000,125299,31,0
add-none,2,10000,40000,549195,13,-2347
add-none,2,100000,400000,4540379,11,-31779
add-none,4,100,800,218908,273,0
add-none,4,1000,8000,126331,15,1472
add-none,4,10000,80000,1155360,14,4241
add-none,4,100000,800000,10236267,12,-22142
add-none,8,100,1600,231585,144,19
add-none,8,1000,16000,439110,27,948
add-none,8,10000,160000,2018033,12,2757
add-none,8,100000,1600000,19680895,12,-15261
add-none,12,100,2400,284444,118,0
add-none,12,1000,24000,362291,15,-103
add-none,12,10000,240000,3161177,13,5200
add-none,12,100000,2400000,29498483,12,-7410
add-yield-none,2,10,40,78323,1958,0
add-yield-none,4,10,80,180301,2253,0
add-yield-none,8,10,160,243227,1520,8
add-yield-none,12,10,240,327420,1364,-11
add-yield-none,2,20,80,66044,825,0
add-yield-none,4,20,160,144899,905,0
add-yield-none,8,20,320,244677,764,35
add-yield-none,12,20,480,267376,557,31
add-yield-none,2,40,160,94066,587,0
add-yield-none,4,40,320,125190,391,34
add-yield-none,8,40,640,240311,375,27
add-yield-none,12,40,960,1511452,1574,15
add-yield-none,2,80,320,169646,530,0
add-yield-none,4,80,640,190243,297,31
add-yield-none,8,80,1280,261206,204,10
add-yield-none,12,80,1920,294081,153,312
add-yield-none,2,100,400,136832,342,54
add-yield-none,4,100,800,158543,198,74
add-yield-none,8,100,1600,237168,148,142
add-yield-none,12,100,2400,350089,145,81
add-yield-none,2,1000,4000,783775,195,-7
add-yield-none,4,1000,8000,849273,106,159
add-yield-none,8,1000,16000,1158192,72,-35
add-yield-none,12,1000,24000,1627303,67,322
add-yield-none,2,10000,40000,6859733,171,36
add-yield-none,4,10000,80000,7102110,88,369
add-yield-none,8,10000,160000,10300324,64,1039
add-yield-none,12,10000,240000,13854969,57,223
add-yield-none,2,100000,400000,62953331,157,-488
add-yield-none,4,100000,800000,69061924,86,-4120
add-yield-none,8,100000,1600000,93267100,58,-16845
add-yield-none,12,100000,2400000,137970954,57,-38632
add-none,1,100,200,80146,400,0
add-none,1,1000,2000,92701,46,0
add-none,1,10000,20000,230430,11,0
add-none,1,100000,200000,1678988,8,0
add-none,1,1000000,2000000,15598212,7,0
add-none,2,100,400,148268,370,0
add-none,2,1000,4000,152113,38,0
add-none,2,10000,40000,530391,13,2015
add-none,2,100000,400000,4652115,11,-21909
add-none,2,1000000,4000000,49369125,12,-60077
add-none,4,100,800,166262,207,79
add-none,4,1000,8000,127299,15,941
add-none,4,10000,80000,1132213,14,2768
add-none,4,100000,800000,9705704,12,-33185
add-none,4,1000000,8000000,95912215,11,-362458
add-yield-none,1,100,200,105370,526,0
add-yield-none,1,1000,2000,533319,266,0
add-yield-none,1,10000,20000,4786451,239,0
add-yield-none,1,100000,200000,44625722,223,0
add-yield-none,1,1000000,2000000,437901963,218,0
add-yield-none,2,100,400,160521,401,68
add-yield-none,2,1000,4000,821738,205,-63
add-yield-none,2,10000,40000,6774288,169,164
add-yield-none,2,100000,400000,65586888,163,-113
add-yield-none,2,1000000,4000000,631825299,157,-3651
add-yield-none,4,100,800,230188,287,185
add-yield-none,4,1000,8000,872795,109,185
add-yield-none,4,10000,80000,7180459,89,-239
add-yield-none,4,100000,800000,73606900,92,-409
add-yield-none,4,1000000,8000000,691078470,86,-73638
add-yield-m,2,10000,40000,17065671,426,0
add-yield-m,4,10000,80000,74257632,928,0
add-yield-m,8,10000,160000,161408290,1008,0
add-yield-m,12,10000,240000,239716396,998,0
add-yield-c,2,10000,40000,12601179,315,0
add-yield-c,4,10000,80000,29754743,371,0
add-yield-c,8,10000,160000,78752034,492,0
add-yield-c,12,10000,240000,120287152,501,0
add-yield-s,2,10000,40000,14092609,352,0
add-yield-s,4,10000,80000,34842308,435,0
add-yield-s,8,1000,16000,11584251,724,0
add-yield-s,12,1000,24000,22292570,928,0
add-m,1,10000,20000,714875,35,0
add-m,2,10000,40000,2949816,73,0
add-m,4,10000,80000,15205331,190,0
add-m,8,10000,160000,26520062,165,0
add-m,12,10000,240000,35175685,146,0
add-c,1,10000,20000,482090,24,0
add-c,2,10000,40000,2149091,53,0
add-c,4,10000,80000,6253503,78,0
add-c,8,10000,160000,12975193,81,0
add-c,12,10000,240000,18854696,78,0
add-s,1,10000,20000,325111,16,0
add-s,2,10000,40000,3082771,77,0
add-s,4,10000,80000,16398271,204,0
add-s,8,10000,160000,59789614,373,0
add-s,12,10000,240000,133168348,554,0
add-none,2,100,400,114639,286,0
add-none,2,1000,4000,173296,43,-63
add-none,2,10000,40000,506236,12,4576
add-none,2,100000,400000,4315196,10,-18245
add-none,4,100,800,196209,245,0
add-none,4,1000,8000,182207,22,0
add-none,4,10000,80000,1021760,12,-4030
add-none,4,100000,800000,9176383,11,-18030
add-none,8,100,1600,227865,142,0
add-none,8,1000,16000,309144,19,302
add-none,8,10000,160000,2091988,13,259
add-none,8,100000,1600000,19432748,12,-13090
add-none,12,100,2400,309863,129,47
add-none,12,1000,24000,389827,16,755
add-none,12,10000,240000,2986055,12,-2568
add-none,12,100000,2400000,28805690,12,-37613
add-yield-none,2,10,40,109193,2729,0
add-yield-none,4,10,80,157887,1973,3
add-yield-none,8,10,160,252382,1577,0
add-yield-none,12,10,240,309288,1288,0
add-yield-none,2,20,80,105408,1317,0
add-yield-none,4,20,160,164109,1025,8
add-yield-none,8,20,320,243434,760,-6
add-yield-none,12,20,480,347501,723,31
add-yield-none,2,40,160,102323,639,38
add-yield-none,4,40,320,173219,541,-13
add-yield-none,8,40,640,208228,325,102
add-yield-none,12,40,960,315444,328,56
add-yield-none,2,80,320,93509,292,-43
add-yield-none,4,80,640,165381,258,37
add-yield-none,8,80,1280,1351040,1055,183
add-yield-none,12,80,1920,330211,171,160
add-yield-none,2,100,400,126493,316,89
add-yield-none,4,100,800,215029,268,43
add-yield-none,8,100,1600,241100,150,219
add-yield-none,12,100,2400,339569,141,252
add-yield-none,2,1000,4000,805974,201,-120
add-yield-none,4,1000,8000,819776,102,144
add-yield-none,8,1000,16000,1212750,75,120
add-yield-none,12,1000,24000,1623304,67,335
add-yield-none,2,10000,40000,7039586,175,-68
add-yield-none,4,10000,80000,7392789,92,-196
add-yield-none,8,10000,160000,8906941,55,-499
add-yield-none,12,10000,240000,14070339,58,-3490
add-yield-none,2,100000,400000,64902944,162,-2700
add-yield-none,4,100000,800000,70940007,88,-2411
add-yield-none,8,100000,1600000,97215582,60,-8831
add-yield-none,12,100000,2400000,142729536,59,-5390
add-none,1,100,200,79104,395,0
add-none,1,1000,2000,86900,43,0
add-none,1,10000,20000,213246,10,0
add-none,1,100000,200000,1585658,7,0
add-none,1,1000000,2000000,14992048,7,0
add-none,2,100,400,105697,264,0
add-none,2,1000,4000,122090,30,0
add-none,2,10000,40000,506232,12,85
add-none,2,100000,400000,4673652,11,-17057
add-none,2,1000000,4000000,39928632,9,-164136
add-none,4,100,800,127386,159,0
add-none,4,1000,8000,171279,21,-212
add-none,4,10000,80000,1108861,13,422
add-none,4,100000,800000,9182283,11,-9734
add-none,4,1000000,8000000,88535856,11,-196494
add-yield-none,1,100,200,129796,648,0
add-yield-none,1,1000,2000,565091,282,0
add-yield-none,1,10000,20000,5039414,251,0
add-yield-none,1,100000,200000,46492805,232,0
add-yield-none,1,1000000,2000000,435274934,217,0
add-yield-none,2,100,400,163679,409,61
add-yield-none,2,1000,4000,787705,196,48
add-yield-none,2,10000,40000,6850912,171,-379
add-yield-none,2,100000,400000,64663160,161,-1831
add-yield-none,2,1000000,4000000,643335790,160,-3057
add-yield-none,4,100,800,252219,315,161
add-yield-none,4,1000,8000,877336,109,211
add-yield-none,4,10000,80000,7445921,93,179
add-yield-none,4,100000,800000,71547142,89,535
add-yield-none,4,1000000,8000000,688860761,86,-21216
add-yield-m,2,10000,40000,17123509,428,0
add-yield-m,4,10000,80000,64881759,811,0
add-yield-m,8,10000,160000,160722895,1004,0
add-yield-m,12,10000,240000,235051071,979,0
add-yield-c,2,10000,40000,12565895,314,0
add-yield-c,4,10000,80000,28682377,358,0
add-yield-c,8,10000,160000,77863512,486,0
add-yield-c,12,10000,240000,120714082,502,0
add-yield-s,2,10000,40000,16126235,403,0
add-yield-s,4,10000,80000,51114328,638,0
add-yield-s,8,1000,16000,13946145,871,0
add-yield-s,12,1000,24000,26169573,1090,0
add-m,1,10000,20000,688856,34,0
add-m,2,10000,40000,8029552,200,0
add-m,4,10000,80000,15262889,190,0
add-m,8,10000,160000,26180811,163,0
add-m,12,10000,240000,34819348,145,0
add-c,1,10000,20000,517324,25,0
add-c,2,10000,40000,2032353,50,0
add-c,4,10000,80000,6133454,76,0
add-c,8,10000,160000,14502436,90,0
add-c,12,10000,240000,22026383,91,0
add-s,1,10000,20000,350478,17,0
add-s,2,10000,40000,3294605,82,0
add-s,4,10000,80000,11959327,149,0
add-s,8,10000,160000,58275088,364,0
add-s,12,10000,240000,111992617,466,0
