list-none-none,1,10,1,30,78494,2616
list-none-none,1,100,1,300,95015,316
list-none-none,1,1000,1,3000,3773614,1257
list-none-none,1,10000,1,30000,732707660,24423
list-none-none,1,20000,1,60000,-379403700,65259
list-i-m,12,32,1,1152,448684,389
list-d-m,12,32,1,1152,503860,437
list-il-m,12,32,1,1152,547030,474
list-dl-m,12,32,1,1152,468580,406
list-i-s,12,32,1,1152,464221,402
list-d-s,12,32,1,1152,345845,300
list-il-s,12,32,1,1152,432028,375
list-dl-s,12,32,1,1152,502303,436
list-none-none,1,1000,1,3000,3717743,1239
list-none-m,1,1000,1,3000,3744587,1248
list-none-m,2,1000,1,6000,4355970,725
list-none-m,4,1000,1,12000,7514958,626
list-none-m,8,1000,1,24000,10013511,417
list-none-m,12,1000,1,36000,9898898,274
list-none-m,16,1000,1,48000,7757848,161
list-none-m,24,1000,1,72000,14345149,199
list-none-s,1,1000,1,3000,3735486,1245
list-none-s,2,1000,1,6000,5773755,962
list-none-s,4,1000,1,12000,6226097,518
list-none-s,8,1000,1,24000,11610104,483
list-none-s,12,1000,1,36000,10439728,289
list-none-s,16,1000,1,48000,10814834,225
list-none-s,24,1000,1,72000,5029559,69
list-none-none,1,10,1,30,126388,4212
list-none-none,1,100,1,300,166804,556
list-none-none,1,1000,1,3000,3574269,1191
list-none-none,1,10000,1,30000,637017674,21233
list-none-none,1,20000,1,60000,-851987353,57382
list-i-m,12,32,1,1152,359119,311
list-d-m,12,32,1,1152,357264,310
list-il-m,12,32,1,1152,329754,286
list-dl-m,12,32,1,1152,374633,325
list-i-s,12,32,1,1152,351501,305
list-d-s,12,32,1,1152,316325,274
list-il-s,12,32,1,1152,338662,293
list-dl-s,12,32,1,1152,315197,273
list-none-none,1,1000,1,3000,3731520,1243
list-none-m,1,1000,1,3000,3608171,1202
list-none-m,2,1000,1,6000,5749937,958
list-none-m,4,1000,1,12000,6829900,569
list-none-m,8,1000,1,24000,7147088,297
list-none-m,12,1000,1,36000,6868716,190
list-none-m,16,1000,1,48000,6823858,142
list-none-m,24,1000,1,72000,7664183,106
list-none-s,1,1000,1,3000,3735894,1245
list-none-s,2,1000,1,6000,8803225,1467
list-none-s,4,1000,1,12000,13438909,1119
list-none-s,8,1000,1,24000,23517303,979
list-none-s,12,1000,1,36000,13171950,365
list-none-s,16,1000,1,48000,21328204,444
list-none-s,24,1000,1,72000,21552717,299
list-none-none,1,10,1,30,78073,2602
list-none-none,1,100,1,300,96301,321
list-none-none,1,1000,1,3000,3663624,1221
list-none-none,1,10000,1,30000,701446125,23381
list-none-none,1,20000,1,60000,-501759282,63220
list-i-m,12,32,1,1152,310099,269
list-d-m,12,32,1,1152,309126,268
list-il-m,12,32,1,1152,259901,225
list-dl-m,12,32,1,1152,246947,214
list-i-s,12,32,1,1152,284972,247
list-d-s,12,32,1,1152,252123,218
list-il-s,12,32,1,1152,236690,205
list-dl-s,12,32,1,1152,238953,207
list-none-none,1,1000,1,3000,3657594,1219
list-none-m,1,1000,1,3000,3700983,1233
list-none-m,2,1000,1,6000,5453051,908
list-none-m,4,1000,1,12000,6535377,544
list-none-m,8,1000,1,24000,6937926,289
list-none-m,12,1000,1,36000,6497866,180
list-none-m,16,1000,1,48000,6407811,133
list-none-m,24,1000,1,72000,6120519,85
list-none-s,1,1000,1,3000,3670267,1223
list-none-s,2,1000,1,6000,4885074,814
list-none-s,4,1000,1,12000,9651249,804
list-none-s,8,1000,1,24000,18372184,765
list-none-s,12,1000,1,36000,20933685,581
list-none-s,16,1000,1,48000,30909654,643
list-none-s,24,1000,1,72000,44368428,616
list-none-none,1,10,1,30,87455,2915
list-none-none,1,100,1,300,123292,410
list-none-none,1,1000,1,3000,3688308,1229
list-none-none,1,10000,1,30000,705163611,23505
list-none-none,1,20000,1,60000,-473503825,63691
list-i-m,12,32,1,1152,334295,290
list-d-m,12,32,1,1152,245170,212
list-il-m,12,32,1,1152,274155,237
list-dl-m,12,32,1,1152,284851,247
list-i-s,12,32,1,1152,266991,231
list-d-s,12,32,1,1152,263780,228
list-il-s,12,32,1,1152,275211,238
list-dl-s,12,32,1,1152,257745,223
list-none-none,1,1000,1,3000,3720572,1240
list-none-m,1,1000,1,3000,3717345,1239
list-none-m,2,1000,1,6000,5486550,914
list-none-m,4,1000,1,12000,6659197,554
list-none-m,8,1000,1,24000,6571312,273
list-none-m,12,1000,1,36000,6250157,173
list-none-m,16,1000,1,48000,7256195,151
list-none-m,24,1000,1,72000,7603712,105
list-none-s,1,1000,1,3000,3695758,1231
list-none-s,2,1000,1,6000,8643065,1440
list-none-s,4,1000,1,12000,14199404,1183
list-none-s,8,1000,1,24000,13964559,581
list-none-s,12,1000,1,36000,20130549,559
list-none-s,16,1000,1,48000,26174015,545
list-none-s,24,1000,1,72000,36440220,506
list-none-none,1,10,1,30,78920,2630
list-none-none,1,100,1,300,93950,313
list-none-none,1,1000,1,3000,3666512,1222
list-none-none,1,10000,1,30000,670645715,22354
list-none-none,1,20000,1,60000,-664162992,60513
list-i-m,12,32,1,1152,372934,323
list-d-m,12,32,1,1152,338499,293
list-il-m,12,32,1,1152,325935,282
list-dl-m,12,32,1,1152,317427,275
list-i-s,12,32,1,1152,287915,249
list-d-s,12,32,1,1152,279812,242
list-il-s,12,32,1,1152,274015,237
list-dl-s,12,32,1,1152,300165,260
list-none-none,1,1000,1,3000,3692874,1230
list-none-m,1,1000,1,3000,3699465,1233
list-none-m,2,1000,1,6000,6253452,1042
list-none-m,4,1000,1,12000,6700088,558
list-none-m,8,1000,1,24000,6777861,282
list-none-m,12,1000,1,36000,6354969,176
list-none-m,16,1000,1,48000,6719515,139
list-none-m,24,1000,1,72000,6713627,93
list-none-s,1,1000,1,3000,3724822,1241
list-none-s,2,1000,1,6000,8446647,1407
list-none-s,4,1000,1,12000,10948794,912
list-none-s,8,1000,1,24000,21258378,885
list-none-s,12,1000,1,36000,24937756,692
list-none-s,16,1000,1,48000,14822848,308
list-none-s,24,1000,1,72000,36530603,507
list-none-none,1,10,1,30,93914,3130
list-none-none,1,100,1,300,120814,402
list-none-none,1,1000,1,3000,3593660,1197
list-none-none,1,10000,1,30000,643268291,21442
list-none-none,1,10,1,30,80027,2667
list-none-none,1,100,1,300,129571,431
list-none-none,1,1000,1,3000,3589787,1196
list-none-none,1,10000,1,30000,668874890,22295
list-none-none,1,20000,1,60000,-773756964,58686
list-none-none,2,1,1,6,98922,16487
list-none-none,2,10,1,60,95938,1598
list-none-none,2,100,1,600,103582,172
list-none-none,2,1000,1,6000,10555160,1759
list-none-none,4,1,1,12,113900,9491
list-none-none,4,10,1,120,126817,1056
list-none-none,4,100,1,1200,162279,135
list-none-none,4,1000,1,12000,6332498,527
list-none-none,8,1,1,24,231988,9666
list-none-none,8,10,1,240,281892,1174
list-none-none,8,100,1,2400,262118,109
list-none-none,8,1000,1,24000,3911080,162
list-none-none,12,1,1,36,327439,9095
list-none-none,12,10,1,360,343761,954
list-none-none,12,100,1,3600,311942,86
list-none-none,12,1000,1,36000,1962484,54
list-i-none,2,1,1,6,84636,14106
list-i-none,2,2,1,12,139370,11614
list-i-none,2,4,1,24,86172,3590
list-i-none,2,8,1,48,122584,2553
list-i-none,2,16,1,96,110734,1153
list-i-none,2,32,1,192,119263,621
list-i-none,4,1,1,12,136356,11363
list-i-none,4,2,1,24,144064,6002
list-i-none,4,4,1,48,122512,2552
list-i-none,4,8,1,96,161858,1686
list-i-none,4,16,1,192,102175,532
list-i-none,8,1,1,24,246450,10268
list-i-none,8,2,1,48,225280,4693
list-i-none,8,4,1,96,199209,2075
list-i-none,8,8,1,192,206617,1076
list-i-none,8,16,1,384,197924,515
list-i-none,12,1,1,36,342454,9512
list-i-none,12,2,1,72,330252,4586
list-i-none,12,4,1,144,308066,2139
list-i-none,12,8,1,288,320359,1112
list-i-none,12,16,1,576,315133,547
list-d-none,2,1,1,6,84024,14004
list-d-none,2,2,1,12,89565,7463
list-d-none,2,4,1,24,124849,5202
list-d-none,2,8,1,48,136377,2841
list-d-none,2,16,1,96,151745,1580
list-d-none,2,32,1,192,117283,610
list-d-none,4,1,1,12,120645,10053
list-d-none,4,2,1,24,105177,4382
list-d-none,4,4,1,48,1269546,26448
list-d-none,4,8,1,96,112561,1172
list-d-none,4,16,1,192,138576,721
list-d-none,8,1,1,24,233308,9721
list-d-none,8,2,1,48,220871,4601
list-d-none,8,4,1,96,218648,2277
list-d-none,8,8,1,192,227910,1187
list-d-none,8,16,1,384,199382,519
list-d-none,12,1,1,36,290121,8058
list-d-none,12,2,1,72,257229,3572
list-d-none,12,4,1,144,265839,1846
list-d-none,12,8,1,288,274872,954
list-d-none,12,16,1,576,252290,438
list-il-none,2,1,1,6,91749,15291
list-il-none,2,2,1,12,108999,9083
list-il-none,2,4,1,24,105878,4411
list-il-none,2,8,1,48,84722,1765
list-il-none,2,16,1,96,89501,932
list-il-none,2,32,1,192,157576,820
list-il-none,4,1,1,12,147835,12319
list-il-none,4,2,1,24,140599,5858
list-il-none,4,4,1,48,144524,3010
list-il-none,4,8,1,96,146290,1523
list-il-none,4,16,1,192,117684,612
list-il-none,8,1,1,24,205029,8542
list-il-none,8,2,1,48,242142,5044
list-il-none,8,4,1,96,1095767,11414
list-il-none,8,8,1,192,223483,1163
list-il-none,8,16,1,384,236929,617
list-il-none,12,1,1,36,378413,10511
list-il-none,12,2,1,72,335495,4659
list-il-none,12,4,1,144,951159,6605
list-il-none,12,8,1,288,366869,1273
list-il-none,12,16,1,576,305766,530
list-dl-none,2,1,1,6,64038,10673
list-dl-none,2,2,1,12,73161,6096
list-dl-none,2,4,1,24,89932,3747
list-dl-none,2,8,1,48,83673,1743
list-dl-none,2,16,1,96,118542,1234
list-dl-none,2,32,1,192,156453,814
list-dl-none,4,1,1,12,148666,12388
list-dl-none,4,2,1,24,142627,5942
list-dl-none,4,4,1,48,122519,2552
list-dl-none,4,8,1,96,124448,1296
list-dl-none,4,16,1,192,136412,710
list-dl-none,8,1,1,24,211209,8800
list-dl-none,8,2,1,48,1412928,29436
list-dl-none,8,4,1,96,202976,2114
list-dl-none,8,8,1,192,251325,1308
list-dl-none,8,16,1,384,257351,670
list-dl-none,12,1,1,36,354632,9850
list-dl-none,12,2,1,72,323090,4487
list-dl-none,12,4,1,144,340770,2366
list-dl-none,12,8,1,288,364075,1264
list-dl-none,12,16,1,576,299417,519
list-i-m,12,32,1,1152,295207,256
list-d-m,12,32,1,1152,283478,246
list-il-m,12,32,1,1152,282458,245
list-dl-m,12,32,1,1152,325522,282
list-i-s,12,32,1,1152,333869,289
list-d-s,12,32,1,1152,313588,272
list-il-s,12,32,1,1152,270469,234
list-dl-s,12,32,1,1152,274320,238
list-none-none,1,1000,1,3000,3726991,1242
list-none-m,1,1000,1,3000,3735244,1245
list-none-m,2,1000,1,6000,5713184,952
list-none-m,4,1000,1,12000,7219285,601
list-none-m,8,1000,1,24000,7394746,308
list-none-m,12,1000,1,36000,6929741,192
list-none-m,16,1000,1,48000,6793323,141
list-none-m,24,1000,1,72000,5886854,81
list-none-s,1,1000,1,3000,5224663,1741
list-none-s,2,1000,1,6000,8639222,1439
list-none-s,4,1000,1,12000,15095297,1257
list-none-s,8,1000,1,24000,18213168,758
list-none-s,12,1000,1,36000,21146210,587
list-none-s,16,1000,1,48000,24082406,501
list-none-s,24,1000,1,72000,26918053,373
list-none-none,1,10,1,30,81587,2719
list-none-none,1,100,1,300,122381,407
list-none-none,1,1000,1,3000,3551876,1183
list-none-none,1,10000,1,30000,642887302,21429
list-none-none,1,20000,1,60000,-824349954,57843
list-none-none,2,1,1,6,88103,14683
list-none-none,2,10,1,60,104986,1749
list-none-none,2,100,1,600,166193,276
list-none-none,2,1000,1,6000,10129965,1688
list-none-none,4,1,1,12,132429,11035
list-none-none,4,10,1,120,161800,1348
list-none-none,4,100,1,1200,170026,141
list-none-none,4,1000,1,12000,6476183,539
list-none-none,8,1,1,24,208042,8668
list-none-none,8,10,1,240,184070,766
list-none-none,8,100,1,2400,178423,74
list-none-none,8,1000,1,24000,3663522,152
list-none-none,12,1,1,36,318333,8842
list-none-none,12,10,1,360,302345,839
list-none-none,12,100,1,3600,271455,75
list-none-none,12,1000,1,36000,2861543,79
list-i-none,2,1,1,6,77050,12841
list-i-none,2,2,1,12,74876,6239
list-i-none,2,4,1,24,69128,2880
list-i-none,2,8,1,48,89753,1869
list-i-none,2,16,1,96,142087,1480
list-i-none,2,32,1,192,166609,867
list-i-none,4,1,1,12,125699,10474
list-i-none,4,2,1,24,108729,4530
list-i-none,4,4,1,48,187788,3912
list-i-none,4,8,1,96,158264,1648
list-i-none,4,16,1,192,144934,754
list-i-none,8,1,1,24,208338,8680
list-i-none,8,2,1,48,185896,3872
list-i-none,8,4,1,96,184176,1918
list-i-none,8,8,1,192,186448,971
list-i-none,8,16,1,384,181187,471
list-i-none,12,1,1,36,251098,6974
list-i-none,12,2,1,72,238906,3318
list-i-none,12,4,1,144,249306,1731
list-i-none,12,8,1,288,268534,932
list-i-none,12,16,1,576,270793,470
list-d-none,2,1,1,6,58838,9806
list-d-none,2,2,1,12,97902,8158
list-d-none,2,4,1,24,86658,3610
list-d-none,2,8,1,48,149771,3120
list-d-none,2,16,1,96,92102,959
list-d-none,2,32,1,192,96180,500
list-d-none,4,1,1,12,148101,12341
list-d-none,4,2,1,24,144628,6026
list-d-none,4,4,1,48,157331,3277
list-d-none,4,8,1,96,146325,1524
list-d-none,4,16,1,192,162222,844
list-d-none,8,1,1,24,203834,8493
list-d-none,8,2,1,48,221547,4615
list-d-none,8,4,1,96,216077,2250
list-d-none,8,8,1,192,197612,1029
list-d-none,8,16,1,384,222577,579
list-d-none,12,1,1,36,260263,7229
list-d-none,12,2,1,72,269939,3749
list-d-none,12,4,1,144,286124,1986
list-d-none,12,8,1,288,260732,905
list-d-none,12,16,1,576,255336,443
list-il-none,2,1,1,6,51343,8557
list-il-none,2,2,1,12,56421,4701
list-il-none,2,4,1,24,146633,6109
list-il-none,2,8,1,48,131006,2729
list-il-none,2,16,1,96,135523,1411
list-il-none,2,32,1,192,198633,1034
list-il-none,4,1,1,12,162448,13537
list-il-none,4,2,1,24,127547,5314
list-il-none,4,4,1,48,158368,3299
list-il-none,4,8,1,96,161130,1678
list-il-none,4,16,1,192,141505,737
list-il-none,8,1,1,24,227155,9464
list-il-none,8,2,1,48,220756,4599
list-il-none,8,4,1,96,248529,2588
list-il-none,8,8,1,192,193648,1008
list-il-none,8,16,1,384,201260,524
list-il-none,12,1,1,36,293279,8146
list-il-none,12,2,1,72,265705,3690
list-il-none,12,4,1,144,298939,2075
list-il-none,12,8,1,288,261535,908
list-il-none,12,16,1,576,289586,502
list-dl-none,2,1,1,6,54637,9106
list-dl-none,2,2,1,12,76420,6368
list-dl-none,2,4,1,24,61420,2559
list-dl-none,2,8,1,48,73861,1538
list-dl-none,2,16,1,96,80969,843
list-dl-none,2,32,1,192,153418,799
list-dl-none,4,1,1,12,112444,9370
list-dl-none,4,2,1,24,115938,4830
list-dl-none,4,4,1,48,100531,2094
list-dl-none,4,8,1,96,94565,985
list-dl-none,4,16,1,192,843868,4395
list-dl-none,8,1,1,24,218340,9097
list-dl-none,8,2,1,48,194004,4041
list-dl-none,8,4,1,96,254690,2653
list-dl-none,8,8,1,192,180008,937
list-dl-none,8,16,1,384,163877,426
list-dl-none,12,1,1,36,250256,6951
list-dl-none,12,2,1,72,869199,12072
list-dl-none,12,4,1,144,300626,2087
list-dl-none,12,8,1,288,254424,883
list-dl-none,12,16,1,576,300644,521
list-i-m,12,32,1,1152,279517,242
list-d-m,12,32,1,1152,263413,228
list-il-m,12,32,1,1152,314058,272
list-dl-m,12,32,1,1152,296986,257
list-i-s,12,32,1,1152,255243,221
list-d-s,12,32,1,1152,287766,249
list-il-s,12,32,1,1152,260536,226
list-dl-s,12,32,1,1152,292727,254
list-none-none,1,1000,1,3000,3551928,1183
list-none-m,1,1000,1,3000,3982830,1327
list-none-m,2,1000,1,6000,7432838,1238
list-none-m,4,1000,1,12000,7095030,591
list-none-m,8,1000,1,24000,6376822,265
list-none-m,12,1000,1,36000,7119738,197
list-none-m,16,1000,1,48000,6783053,141
list-none-m,24,1000,1,72000,7146947,99
list-none-s,1,1000,1,3000,3635306,1211
list-none-s,2,1000,1,6000,8607218,1434
list-none-s,4,1000,1,12000,14100437,1175
list-none-s,8,1000,1,24000,14356157,598
list-none-s,12,1000,1,36000,18672666,518
list-none-s,16,1000,1,48000,18052344,376
list-none-s,24,1000,1,72000,30943844,429
list-none-none,1,10,1,30,80073,2669
list-none-none,1,100,1,300,126933,423
list-none-none,1,1000,1,3000,3677816,1225
list-none-none,1,10000,1,30000,707891173,23596
list-none-none,1,20000,1,60000,-572820745,62035
list-none-none,2,1,1,6,156370,26061
list-none-none,2,10,1,60,109270,1821
list-none-none,2,100,1,600,134398,223
list-none-none,2,1000,1,6000,10419090,1736
list-none-none,4,1,1,12,118397,9866
list-none-none,4,10,1,120,149271,1243
list-none-none,4,100,1,1200,139707,116
list-none-none,4,1000,1,12000,6242749,520
list-none-none,8,1,1,24,1447899,60329
list-none-none,8,10,1,240,205132,854
list-none-none,8,100,1,2400,251958,104
list-none-none,8,1000,1,24000,4301314,179
list-none-none,12,1,1,36,303717,8436
list-none-none,12,10,1,360,362180,1006
list-none-none,12,100,1,3600,289328,80
list-none-none,12,1000,1,36000,2952128,82
list-i-none,2,1,1,6,73883,12313
list-i-none,2,2,1,12,76641,6386
list-i-none,2,4,1,24,112518,4688
list-i-none,2,8,1,48,84375,1757
list-i-none,2,16,1,96,113296,1180
list-i-none,2,32,1,192,178475,929
list-i-none,4,1,1,12,109004,9083
list-i-none,4,2,1,24,127701,5320
list-i-none,4,4,1,48,137138,2857
list-i-none,4,8,1,96,114325,1190
list-i-none,4,16,1,192,119604,622
list-i-none,8,1,1,24,202441,8435
list-i-none,8,2,1,48,200249,4171
list-i-none,8,4,1,96,207452,2160
list-i-none,8,8,1,192,186658,972
list-i-none,8,16,1,384,229065,596
list-i-none,12,1,1,36,273569,7599
list-i-none,12,2,1,72,277667,3856
list-i-none,12,4,1,144,296238,2057
list-i-none,12,8,1,288,302671,1050
list-i-none,12,16,1,576,1502024,2607
list-d-none,2,1,1,6,65087,10847
list-d-none,2,2,1,12,77526,6460
list-d-none,2,4,1,24,97053,4043
list-d-none,2,8,1,48,107880,2247
list-d-none,2,16,1,96,117466,1223
list-d-none,2,32,1,192,149198,777
list-d-none,4,1,1,12,135293,11274
list-d-none,4,2,1,24,130028,5417
list-d-none,4,4,1,48,133832,2788
list-d-none,4,8,1,96,111221,1158
list-d-none,4,16,1,192,118950,619
list-d-none,8,1,1,24,199912,8329
list-d-none,8,2,1,48,207984,4333
list-d-none,8,4,1,96,195292,2034
list-d-none,8,8,1,192,223554,1164
list-d-none,8,16,1,384,188202,490
list-d-none,12,1,1,36,1238115,34392
list-d-none,12,2,1,72,303655,4217
list-d-none,12,4,1,144,288518,2003
list-d-none,12,8,1,288,302891,1051
list-d-none,12,16,1,576,293573,509
list-il-none,2,1,1,6,76149,12691
list-il-none,2,2,1,12,75012,6251
list-il-none,2,4,1,24,109599,4566
list-il-none,2,8,1,48,118877,2476
list-il-none,2,16,1,96,82830,862
list-il-none,2,32,1,192,125813,655
list-il-none,4,1,1,12,108419,9034
list-il-none,4,2,1,24,154613,6442
list-il-none,4,4,1,48,123898,2581
list-il-none,4,8,1,96,126296,1315
list-il-none,4,16,1,192,105819,551
list-il-none,8,1,1,24,218546,9106
list-il-none,8,2,1,48,211572,4407
list-il-none,8,4,1,96,242576,2526
list-il-none,8,8,1,192,230349,1199
list-il-none,8,16,1,384,240379,625
list-il-none,12,1,1,36,305903,8497
list-il-none,12,2,1,72,279686,3884
list-il-none,12,4,1,144,342097,2375
list-il-none,12,8,1,288,279014,968
list-il-none,12,16,1,576,283728,492
list-dl-none,2,1,1,6,95256,15876
list-dl-none,2,2,1,12,75288,6274
list-dl-none,2,4,1,24,92004,3833
list-dl-none,2,8,1,48,84380,1757
list-dl-none,2,16,1,96,97237,1012
list-dl-none,2,32,1,192,112731,587
list-dl-none,4,1,1,12,155554,12962
list-dl-none,4,2,1,24,97412,4058
list-dl-none,4,4,1,48,132033,2750
list-dl-none,4,8,1,96,103010,1073
list-dl-none,4,16,1,192,118829,618
list-dl-none,8,1,1,24,208778,8699
list-dl-none,8,2,1,48,194641,4055
list-dl-none,8,4,1,96,182193,1897
list-dl-none,8,8,1,192,194187,1011
list-dl-none,8,16,1,384,175630,457
list-dl-none,12,1,1,36,289183,8032
list-dl-none,12,2,1,72,279824,3886
list-dl-none,12,4,1,144,261607,1816
list-dl-none,12,8,1,288,282717,981
list-dl-none,12,16,1,576,280024,486
list-i-m,12,32,1,1152,293610,254
list-d-m,12,32,1,1152,308716,267
list-il-m,12,32,1,1152,260344,225
list-dl-m,12,32,1,1152,273501,237
list-i-s,12,32,1,1152,295264,256
list-d-s,12,32,1,1152,296263,257
list-il-s,12,32,1,1152,311168,270
list-dl-s,12,32,1,1152,288559,250
list-none-none,1,1000,1,3000,3668758,1222
list-none-m,1,1000,1,3000,3676052,1225
list-none-m,2,1000,1,6000,5701148,950
list-none-m,4,1000,1,12000,6880741,573
list-none-m,8,1000,1,24000,6738265,280
list-none-m,12,1000,1,36000,6275972,174
list-none-m,16,1000,1,48000,6894583,143
list-none-m,24,1000,1,72000,7163635,99
list-none-s,1,1000,1,3000,3619899,1206
list-none-s,2,1000,1,6000,8435495,1405
list-none-s,4,1000,1,12000,10594833,882
list-none-s,8,1000,1,24000,14548025,606
list-none-s,12,1000,1,36000,18132325,503
list-none-s,16,1000,1,48000,14692183,306
list-none-s,24,1000,1,72000,23988393,333
list-none-none,1,10,1,30,59719,1990
list-none-none,1,100,1,300,101052,336
list-none-none,1,1000,1,3000,3638873,1212
list-none-none,1,10000,1,30000,653777837,21792
list-none-none,1,20000,1,60000,-707562061,59790
list-none-none,2,1,1,6,118868,19811
list-none-none,2,10,1,60,114477,1907
list-none-none,2,100,1,600,123276,205
list-none-none,2,1000,1,6000,10234887,1705
list-none-none,4,1,1,12,111881,9323
list-none-none,4,10,1,120,147463,1228
list-none-none,4,100,1,1200,144914,120
list-none-none,4,1000,1,12000,6280467,523
list-none-none,8,1,1,24,218920,9121
list-none-none,8,10,1,240,239049,996
list-none-none,8,100,1,2400,247989,103
list-none-none,8,1000,1,24000,4016371,167
list-none-none,12,1,1,36,390845,10856
list-none-none,12,10,1,360,343764,954
list-none-none,12,100,1,3600,287559,79
list-none-none,12,1000,1,36000,3106866,86
list-i-none,2,1,1,6,106515,17752
list-i-none,2,2,1,12,110892,9241
list-i-none,2,4,1,24,109074,4544
list-i-none,2,8,1,48,75224,1567
list-i-none,2,16,1,96,113760,1185
list-i-none,2,32,1,192,830934,4327
list-i-none,4,1,1,12,130979,10914
list-i-none,4,2,1,24,116750,4864
list-i-none,4,4,1,48,117311,2443
list-i-none,4,8,1,96,129094,1344
list-i-none,4,16,1,192,125490,653
list-i-none,8,1,1,24,193940,8080
list-i-none,8,2,1,48,174607,3637
list-i-none,8,4,1,96,188563,1964
list-i-none,8,8,1,192,207080,1078
list-i-none,8,16,1,384,205210,534
list-i-none,12,1,1,36,280049,7779
list-i-none,12,2,1,72,264575,3674
list-i-none,12,4,1,144,274396,1905
list-i-none,12,8,1,288,284227,986
list-i-none,12,16,1,576,269603,468
list-d-none,2,1,1,6,93250,15541
list-d-none,2,2,1,12,96450,8037
list-d-none,2,4,1,24,73965,3081
list-d-none,2,8,1,48,109319,2277
list-d-none,2,16,1,96,122780,1278
list-d-none,2,32,1,192,137145,714
list-d-none,4,1,1,12,126994,10582
list-d-none,4,2,1,24,117537,4897
list-d-none,4,4,1,48,111105,2314
list-d-none,4,8,1,96,140417,1462
list-d-none,4,16,1,192,123674,644
list-d-none,8,1,1,24,252378,10515
list-d-none,8,2,1,48,240098,5002
list-d-none,8,4,1,96,193847,2019
list-d-none,8,8,1,192,201519,1049
list-d-none,8,16,1,384,220428,574
list-d-none,12,1,1,36,266527,7403
list-d-none,12,2,1,72,271954,3777
list-d-none,12,4,1,144,270726,1880
list-d-none,12,8,1,288,268769,933
list-d-none,12,16,1,576,299924,520
list-il-none,2,1,1,6,62674,10445
list-il-none,2,2,1,12,105132,8761
list-il-none,2,4,1,24,98706,4112
list-il-none,2,8,1,48,104944,2186
list-il-none,2,16,1,96,149715,1559
list-il-none,2,32,1,192,139542,726
list-il-none,4,1,1,12,109973,9164
list-il-none,4,2,1,24,124110,5171
list-il-none,4,4,1,48,114041,2375
list-il-none,4,8,1,96,149854,1560
list-il-none,4,16,1,192,105324,548
list-il-none,8,1,1,24,224641,9360
list-il-none,8,2,1,48,193678,4034
list-il-none,8,4,1,96,189480,1973
list-il-none,8,8,1,192,190086,990
list-il-none,8,16,1,384,177345,461
list-il-none,12,1,1,36,297408,8261
list-il-none,12,2,1,72,353895,4915
list-il-none,12,4,1,144,319262,2217
list-il-none,12,8,1,288,339194,1177
list-il-none,12,16,1,576,358386,622
list-dl-none,2,1,1,6,70978,11829
list-dl-none,2,2,1,12,97086,8090
list-dl-none,2,4,1,24,84109,3504
list-dl-none,2,8,1,48,105469,2197
list-dl-none,2,16,1,96,112105,1167
list-dl-none,2,32,1,192,180259,938
list-dl-none,4,1,1,12,113939,9494
list-dl-none,4,2,1,24,132063,5502
list-dl-none,4,4,1,48,134704,2806
list-dl-none,4,8,1,96,127097,1323
list-dl-none,4,16,1,192,137203,714
list-dl-none,8,1,1,24,188903,7870
list-dl-none,8,2,1,48,186161,3878
list-dl-none,8,4,1,96,187138,1949
list-dl-none,8,8,1,192,182651,951
list-dl-none,8,16,1,384,205782,535
list-dl-none,12,1,1,36,263835,7328
list-dl-none,12,2,1,72,281907,3915
list-dl-none,12,4,1,144,277315,1925
list-dl-none,12,8,1,288,266785,926
list-dl-none,12,16,1,576,271791,471
list-i-m,12,32,1,1152,247769,215
list-d-m,12,32,1,1152,248588,215
list-il-m,12,32,1,1152,251983,218
list-dl-m,12,32,1,1152,280007,243
list-i-s,12,32,1,1152,243165,211
list-d-s,12,32,1,1152,248349,215
list-il-s,12,32,1,1152,282938,245
list-dl-s,12,32,1,1152,262958,228
list-none-none,1,1000,1,3000,3708362,1236
list-none-m,1,1000,1,3000,3717640,1239
list-none-m,2,1000,1,6000,6122133,1020
list-none-m,4,1000,1,12000,7073882,589
list-none-m,8,1000,1,24000,6801663,283
list-none-m,12,1000,1,36000,6660750,185
list-none-m,16,1000,1,48000,6794924,141
list-none-m,24,1000,1,72000,6770179,94
list-none-s,1,1000,1,3000,3662929,1220
list-none-s,2,1000,1,6000,8596006,1432
list-none-s,4,1000,1,12000,13957759,1163
list-none-s,8,1000,1,24000,20368995,848
list-none-s,12,1000,1,36000,12586859,349
list-none-s,16,1000,1,48000,15721804,327
list-none-s,24,1000,1,72000,27538421,382
list-none-none,1,10,1,30,50935,1697
list-none-none,1,100,1,300,99681,332
list-none-none,1,1000,1,3000,3649875,1216
list-none-none,1,10000,1,30000,689628575,22987
list-none-none,1,20000,1,60000,-638767617,60936
list-none-none,2,1,1,6,106140,17690
list-none-none,2,10,1,60,98322,1638
list-none-none,2,100,1,600,126663,211
list-none-none,2,1000,1,6000,10490203,1748
list-none-none,4,1,1,12,153427,12785
list-none-none,4,10,1,120,116413,970
list-none-none,4,100,1,1200,186646,155
list-none-none,4,1000,1,12000,6604142,550
list-none-none,8,1,1,24,247953,10331
list-none-none,8,10,1,240,251952,1049
list-none-none,8,100,1,2400,232286,96
list-none-none,8,1000,1,24000,3865915,161
list-none-none,12,1,1,36,357046,9917
list-none-none,12,10,1,360,383271,1064
list-none-none,12,100,1,3600,278495,77
list-none-none,12,1000,1,36000,3013252,83
list-i-none,2,1,1,6,141664,23610
list-i-none,2,2,1,12,75322,6276
list-i-none,2,4,1,24,107233,4468
list-i-none,2,8,1,48,110104,2293
list-i-none,2,16,1,96,112978,1176
list-i-none,2,32,1,192,139707,727
list-i-none,4,1,1,12,107774,8981
list-i-none,4,2,1,24,99026,4126
list-i-none,4,4,1,48,122289,2547
list-i-none,4,8,1,96,126085,1313
list-i-none,4,16,1,192,110860,577
list-i-none,8,1,1,24,211312,8804
list-i-none,8,2,1,48,187562,3907
list-i-none,8,4,1,96,193062,2011
list-i-none,8,8,1,192,204474,1064
list-i-none,8,16,1,384,224426,584
list-i-none,12,1,1,36,265913,7386
list-i-none,12,2,1,72,262588,3647
list-i-none,12,4,1,144,280765,1949
list-i-none,12,8,1,288,278639,967
list-i-none,12,16,1,576,268628,466
list-d-none,2,1,1,6,98462,16410
list-d-none,2,2,1,12,98412,8201
list-d-none,2,4,1,24,69985,2916
list-d-none,2,8,1,48,105876,2205
list-d-none,2,16,1,96,109861,1144
list-d-none,2,32,1,192,134729,701
list-d-none,4,1,1,12,132294,11024
list-d-none,4,2,1,24,146676,6111
list-d-none,4,4,1,48,145037,3021
list-d-none,4,8,1,96,142578,1485
list-d-none,4,16,1,192,122632,638
list-d-none,8,1,1,24,225411,9392
list-d-none,8,2,1,48,259779,5412
list-d-none,8,4,1,96,213892,2228
list-d-none,8,8,1,192,217963,1135
list-d-none,8,16,1,384,220204,573
list-d-none,12,1,1,36,303471,8429
list-d-none,12,2,1,72,267296,3712
list-d-none,12,4,1,144,278891,1936
list-d-none,12,8,1,288,267684,929
list-d-none,12,16,1,576,275966,479
list-il-none,2,1,1,6,62259,10376
list-il-none,2,2,1,12,83689,6974
list-il-none,2,4,1,24,108697,4529
list-il-none,2,8,1,48,106619,2221
list-il-none,2,16,1,96,117029,1219
list-il-none,2,32,1,192,152602,794
list-il-none,4,1,1,12,107508,8959
list-il-none,4,2,1,24,97016,4042
list-il-none,4,4,1,48,134203,2795
list-il-none,4,8,1,96,129993,1354
list-il-none,4,16,1,192,110962,577
list-il-none,8,1,1,24,186639,7776
list-il-none,8,2,1,48,193337,4027
list-il-none,8,4,1,96,194847,2029
list-il-none,8,8,1,192,236805,1233
list-il-none,8,16,1,384,231344,602
list-il-none,12,1,1,36,344043,9556
list-il-none,12,2,1,72,342675,4759
list-il-none,12,4,1,144,327640,2275
list-il-none,12,8,1,288,307969,1069
list-il-none,12,16,1,576,338236,587
list-dl-none,2,1,1,6,89733,14955
list-dl-none,2,2,1,12,112233,9352
list-dl-none,2,4,1,24,106137,4422
list-dl-none,2,8,1,48,103887,2164
list-dl-none,2,16,1,96,120117,1251
list-dl-none,2,32,1,192,137902,718
list-dl-none,4,1,1,12,142828,11902
list-dl-none,4,2,1,24,123645,5151
list-dl-none,4,4,1,48,110386,2299
list-dl-none,4,8,1,96,99555,1037
list-dl-none,4,16,1,192,113095,589
list-dl-none,8,1,1,24,204440,8518
list-dl-none,8,2,1,48,188599,3929
list-dl-none,8,4,1,96,191142,1991
list-dl-none,8,8,1,192,180939,942
list-dl-none,8,16,1,384,217305,565
list-dl-none,12,1,1,36,268161,7448
list-dl-none,12,2,1,72,260886,3623
list-dl-none,12,4,1,144,242635,1684
list-dl-none,12,8,1,288,250429,869
list-dl-none,12,16,1,576,245745,426
list-i-m,12,32,1,1152,268663,233
list-d-m,12,32,1,1152,267486,232
list-il-m,12,32,1,1152,279487,242
list-dl-m,12,32,1,1152,253739,220
list-i-s,12,32,1,1152,262727,228
list-d-s,12,32,1,1152,273400,237
list-il-s,12,32,1,1152,271169,235
list-dl-s,12,32,1,1152,269357,233
list-none-none,1,1000,1,3000,3681784,1227
list-none-m,1,1000,1,3000,3705108,1235
list-none-m,2,1000,1,6000,6276686,1046
list-none-m,4,1000,1,12000,6876711,573
list-none-m,8,1000,1,24000,7183724,299
list-none-m,12,1000,1,36000,6283762,174
list-none-m,16,1000,1,48000,6342472,132
list-none-m,24,1000,1,72000,7014375,97
list-none-s,1,1000,1,3000,3647401,1215
list-none-s,2,1000,1,6000,11488223,1914
list-none-s,4,1000,1,12000,14553510,1212
list-none-s,8,1000,1,24000,20380791,849
list-none-s,12,1000,1,36000,16288480,452
list-none-s,16,1000,1,48000,18831638,392
list-none-s,24,1000,1,72000,25635588,356
list-none-none,1,10,1,30,104828,3494
list-none-none,1,100,1,300,113356,377
list-none-none,1,1000,1,3000,3765006,1255
list-none-none,1,10000,1,30000,675753204,22525
list-none-none,1,20000,1,60000,-700301612,59911
list-none-none,2,1,1,6,154470,25745
list-none-none,2,10,1,60,147785,2463
list-none-none,2,100,1,600,192080,320
list-none-none,2,1000,1,6000,10106088,1684
list-none-none,4,1,1,12,172631,14385
list-none-none,4,10,1,120,170323,1419
list-none-none,4,100,1,1200,152403,127
list-none-none,4,1000,1,12000,4585097,382
list-none-none,8,1,1,24,228984,9541
list-none-none,8,10,1,240,252069,1050
list-none-none,8,100,1,2400,289027,120
list-none-none,8,1000,1,24000,3903023,162
list-none-none,12,1,1,36,374047,10390
list-none-none,12,10,1,360,370162,1028
list-none-none,12,100,1,3600,320888,89
list-none-none,12,1000,1,36000,3397530,94
list-i-none,2,1,1,6,127595,21265
list-i-none,2,2,1,12,108151,9012
list-i-none,2,4,1,24,139075,5794
list-i-none,2,8,1,48,117534,2448
list-i-none,2,16,1,96,136750,1424
list-i-none,2,32,1,192,89422,465
list-i-none,4,1,1,12,116659,9721
list-i-none,4,2,1,24,113491,4728
list-i-none,4,4,1,48,134432,2800
list-i-none,4,8,1,96,130167,1355
list-i-none,4,16,1,192,144907,754
list-i-none,8,1,1,24,248560,10356
list-i-none,8,2,1,48,256895,5351
list-i-none,8,4,1,96,242807,2529
list-i-none,8,8,1,192,235429,1226
list-i-none,8,16,1,384,230352,599
list-i-none,12,1,1,36,288582,8016
list-i-none,12,2,1,72,358559,4979
list-i-none,12,4,1,144,1564020,10861
list-i-none,12,8,1,288,348440,1209
list-i-none,12,16,1,576,306919,532
list-d-none,2,1,1,6,84766,14127
list-d-none,2,2,1,12,101406,8450
list-d-none,2,4,1,24,86695,3612
list-d-none,2,8,1,48,89533,1865
list-d-none,2,16,1,96,105505,1099
list-d-none,2,32,1,192,124645,649
list-d-none,4,1,1,12,152681,12723
list-d-none,4,2,1,24,145557,6064
list-d-none,4,4,1,48,147703,3077
list-d-none,4,8,1,96,154595,1610
list-d-none,4,16,1,192,155481,809
list-d-none,8,1,1,24,259670,10819
list-d-none,8,2,1,48,243631,5075
list-d-none,8,4,1,96,268704,2799
list-d-none,8,8,1,192,239809,1249
list-d-none,8,16,1,384,220730,574
list-d-none,12,1,1,36,291825,8106
list-d-none,12,2,1,72,280509,3895
list-d-none,12,4,1,144,257897,1790
list-d-none,12,8,1,288,259937,902
list-d-none,12,16,1,576,275304,477
list-il-none,2,1,1,6,81113,13518
list-il-none,2,2,1,12,89547,7462
list-il-none,2,4,1,24,110001,4583
list-il-none,2,8,1,48,110064,2293
list-il-none,2,16,1,96,126112,1313
list-il-none,2,32,1,192,142505,742
list-il-none,4,1,1,12,142745,11895
list-il-none,4,2,1,24,140921,5871
list-il-none,4,4,1,48,138906,2893
list-il-none,4,8,1,96,144303,1503
list-il-none,4,16,1,192,149850,780
list-il-none,8,1,1,24,251537,10480
list-il-none,8,2,1,48,258041,5375
list-il-none,8,4,1,96,218507,2276
list-il-none,8,8,1,192,250929,1306
list-il-none,8,16,1,384,229762,598
list-il-none,12,1,1,36,348257,9673
list-il-none,12,2,1,72,344214,4780
list-il-none,12,4,1,144,355325,2467
list-il-none,12,8,1,288,323292,1122
list-il-none,12,16,1,576,347157,602
list-dl-none,2,1,1,6,86141,14356
list-dl-none,2,2,1,12,69252,5771
list-dl-none,2,4,1,24,106518,4438
list-dl-none,2,8,1,48,108409,2258
list-dl-none,2,16,1,96,125429,1306
list-dl-none,2,32,1,192,162151,844
list-dl-none,4,1,1,12,167425,13952
list-dl-none,4,2,1,24,110733,4613
list-dl-none,4,4,1,48,136067,2834
list-dl-none,4,8,1,96,130983,1364
list-dl-none,4,16,1,192,129731,675
list-dl-none,8,1,1,24,189371,7890
list-dl-none,8,2,1,48,180102,3752
list-dl-none,8,4,1,96,171716,1788
list-dl-none,8,8,1,192,178929,931
list-dl-none,8,16,1,384,189225,492
list-dl-none,12,1,1,36,327396,9094
list-dl-none,12,2,1,72,345111,4793
list-dl-none,12,4,1,144,321903,2235
list-dl-none,12,8,1,288,1522588,5286
list-dl-none,12,16,1,576,360558,625
list-i-m,12,32,1,1152,305848,265
list-d-m,12,32,1,1152,325538,282
list-il-m,12,32,1,1152,329587,286
list-dl-m,12,32,1,1152,279482,242
list-i-s,12,32,1,1152,320937,278
list-d-s,12,32,1,1152,304124,263
list-il-s,12,32,1,1152,360991,313
list-dl-s,12,32,1,1152,290315,252
list-none-none,1,1000,1,3000,3819788,1273
list-none-m,1,1000,1,3000,3572341,1190
list-none-m,2,1000,1,6000,6069057,1011
list-none-m,4,1000,1,12000,6697773,558
list-none-m,8,1000,1,24000,7121573,296
list-none-m,12,1000,1,36000,7303647,202
list-none-m,16,1000,1,48000,7260740,151
list-none-m,24,1000,1,72000,7076436,98
list-none-s,1,1000,1,3000,3686612,1228
list-none-s,2,1000,1,6000,7940578,1323
list-none-s,4,1000,1,12000,9608641,800
list-none-s,8,1000,1,24000,17463555,727
list-none-s,12,1000,1,36000,20232326,562
list-none-s,16,1000,1,48000,23821397,496
list-none-s,24,1000,1,72000,30595395,424
list-none-none,1,10,1,30,81517,2717
list-none-none,1,100,1,300,110187,367
list-none-none,1,1000,1,3000,3691268,1230
list-none-none,1,10000,1,30000,646000581,21533
list-none-none,1,20000,1,60000,-837007805,57632
list-none-none,2,1,1,6,97571,16261
list-none-none,2,10,1,60,87514,1458
list-none-none,2,100,1,600,121256,202
list-none-none,2,1000,1,6000,9956374,1659
list-none-none,4,1,1,12,104680,8723
list-none-none,4,10,1,120,145364,1211
list-none-none,4,100,1,1200,154595,128
list-none-none,4,1000,1,12000,6326342,527
list-none-none,8,1,1,24,227525,9480
list-none-none,8,10,1,240,178829,745
list-none-none,8,100,1,2400,201570,83
list-none-none,8,1000,1,24000,3853773,160
list-none-none,12,1,1,36,306384,8510
list-none-none,12,10,1,360,255037,708
list-none-none,12,100,1,3600,288673,80
list-none-none,12,1000,1,36000,2840944,78
list-i-none,2,1,1,6,72586,12097
list-i-none,2,2,1,12,74522,6210
list-i-none,2,4,1,24,134253,5593
list-i-none,2,8,1,48,110551,2303
list-i-none,2,16,1,96,112143,1168
list-i-none,2,32,1,192,117950,614
list-i-none,4,1,1,12,132625,11052
list-i-none,4,2,1,24,153519,6396
list-i-none,4,4,1,48,130907,2727
list-i-none,4,8,1,96,152985,1593
list-i-none,4,16,1,192,178497,929
list-i-none,8,1,1,24,251422,10475
list-i-none,8,2,1,48,226328,4715
list-i-none,8,4,1,96,225749,2351
list-i-none,8,8,1,192,236752,1233
list-i-none,8,16,1,384,201757,525
list-i-none,12,1,1,36,247961,6887
list-i-none,12,2,1,72,282118,3918
list-i-none,12,4,1,144,272417,1891
list-i-none,12,8,1,288,269666,936
list-i-none,12,16,1,576,294544,511
list-d-none,2,1,1,6,61176,10196
list-d-none,2,2,1,12,92690,7724
list-d-none,2,4,1,24,102889,4287
list-d-none,2,8,1,48,110763,2307
list-d-none,2,16,1,96,101704,1059
list-d-none,2,32,1,192,158238,824
list-d-none,4,1,1,12,89373,7447
list-d-none,4,2,1,24,102936,4289
list-d-none,4,4,1,48,90584,1887
list-d-none,4,8,1,96,90355,941
list-d-none,4,16,1,192,147382,767
list-d-none,8,1,1,24,209240,8718
list-d-none,8,2,1,48,170972,3561
list-d-none,8,4,1,96,175090,1823
list-d-none,8,8,1,192,193312,1006
list-d-none,8,16,1,384,202177,526
list-d-none,12,1,1,36,281741,7826
list-d-none,12,2,1,72,283814,3941
list-d-none,12,4,1,144,259736,1803
list-d-none,12,8,1,288,260416,904
list-d-none,12,16,1,576,261455,453
list-il-none,2,1,1,6,66161,11026
list-il-none,2,2,1,12,86239,7186
list-il-none,2,4,1,24,84070,3502
list-il-none,2,8,1,48,104260,2172
list-il-none,2,16,1,96,113724,1184
list-il-none,2,32,1,192,123626,643
list-il-none,4,1,1,12,157341,13111
list-il-none,4,2,1,24,164443,6851
list-il-none,4,4,1,48,146518,3052
list-il-none,4,8,1,96,154169,1605
list-il-none,4,16,1,192,176311,918
list-il-none,8,1,1,24,228041,9501
list-il-none,8,2,1,48,201753,4203
list-il-none,8,4,1,96,169934,1770
list-il-none,8,8,1,192,190275,991
list-il-none,8,16,1,384,185914,484
list-il-none,12,1,1,36,270254,7507
list-il-none,12,2,1,72,355832,4942
list-il-none,12,4,1,144,333046,2312
list-il-none,12,8,1,288,272275,945
list-il-none,12,16,1,576,270108,468
list-dl-none,2,1,1,6,83118,13853
list-dl-none,2,2,1,12,61237,5103
list-dl-none,2,4,1,24,80311,3346
list-dl-none,2,8,1,48,135230,2817
list-dl-none,2,16,1,96,133258,1388
list-dl-none,2,32,1,192,145151,755
list-dl-none,4,1,1,12,117238,9769
list-dl-none,4,2,1,24,97394,4058
list-dl-none,4,4,1,48,136476,2843
list-dl-none,4,8,1,96,159709,1663
list-dl-none,4,16,1,192,167696,873
list-dl-none,8,1,1,24,207704,8654
list-dl-none,8,2,1,48,184701,3847
list-dl-none,8,4,1,96,209857,2186
list-dl-none,8,8,1,192,1383298,7204
list-dl-none,8,16,1,384,258327,672
list-dl-none,12,1,1,36,269888,7496
list-dl-none,12,2,1,72,254021,3528
list-dl-none,12,4,1,144,257632,1789
list-dl-none,12,8,1,288,259242,900
list-dl-none,12,16,1,576,259698,450
list-i-m,12,32,1,1152,272470,236
list-d-m,12,32,1,1152,257673,223
list-il-m,12,32,1,1152,266086,230
list-dl-m,12,32,1,1152,282345,245
list-i-s,12,32,1,1152,249659,216
list-d-s,12,32,1,1152,242868,210
list-il-s,12,32,1,1152,246317,213
list-dl-s,12,32,1,1152,279474,242
list-none-none,1,1000,1,3000,3756316,1252
list-none-m,1,1000,1,3000,3649721,1216
list-none-m,2,1000,1,6000,6016543,1002
list-none-m,4,1000,1,12000,6589724,549
list-none-m,8,1000,1,24000,6784155,282
list-none-m,12,1000,1,36000,6309783,175
list-none-m,16,1000,1,48000,7004990,145
list-none-m,24,1000,1,72000,6384871,88
list-none-s,1,1000,1,3000,3683429,1227
list-none-s,2,1000,1,6000,7770472,1295
list-none-s,4,1000,1,12000,13509920,1125
list-none-s,8,1000,1,24000,17766662,740
list-none-s,12,1000,1,36000,20428870,567
list-none-s,16,1000,1,48000,17964697,374
list-none-s,24,1000,1,72000,26638698,369
list-none-none,1,10,1,30,80041,2668
list-none-none,1,100,1,300,99122,330
list-none-none,1,1000,1,3000,3729289,1243
list-none-none,1,10000,1,30000,705423301,23514
list-none-none,1,20000,1,60000,-709069733,59764
list-none-none,2,1,1,6,114969,19161
list-none-none,2,10,1,60,106505,1775
list-none-none,2,100,1,600,121365,202
list-none-none,2,1000,1,6000,10157308,1692
list-none-none,4,1,1,12,113531,9460
list-none-none,4,10,1,120,167832,1398
list-none-none,4,100,1,1200,195139,162
list-none-none,4,1000,1,12000,6567978,547
list-none-none,8,1,1,24,200550,8356
list-none-none,8,10,1,240,180032,750
list-none-none,8,100,1,2400,251870,104
list-none-none,8,1000,1,24000,3614435,150
list-none-none,12,1,1,36,289875,8052
list-none-none,12,10,1,360,236611,657
list-none-none,12,100,1,3600,284699,79
list-none-none,12,1000,1,36000,3225813,89
list-i-none,2,1,1,6,75453,12575
list-i-none,2,2,1,12,106530,8877
list-i-none,2,4,1,24,115488,4812
list-i-none,2,8,1,48,163850,3413
list-i-none,2,16,1,96,103800,1081
list-i-none,2,32,1,192,119251,621
list-i-none,4,1,1,12,154805,12900
list-i-none,4,2,1,24,164032,6834
list-i-none,4,4,1,48,166328,3465
list-i-none,4,8,1,96,180005,1875
list-i-none,4,16,1,192,122863,639
list-i-none,8,1,1,24,231649,9652
list-i-none,8,2,1,48,228876,4768
list-i-none,8,4,1,96,202573,2110
list-i-none,8,8,1,192,218026,1135
list-i-none,8,16,1,384,198975,518
list-i-none,12,1,1,36,298830,8300
list-i-none,12,2,1,72,263323,3657
list-i-none,12,4,1,144,249646,1733
list-i-none,12,8,1,288,269495,935
list-i-none,12,16,1,576,284162,493
list-d-none,2,1,1,6,61589,10264
list-d-none,2,2,1,12,163624,13635
list-d-none,2,4,1,24,172902,7204
list-d-none,2,8,1,48,83951,1748
list-d-none,2,16,1,96,90853,946
list-d-none,2,32,1,192,148130,771
list-d-none,4,1,1,12,139071,11589
list-d-none,4,2,1,24,785862,32744
list-d-none,4,4,1,48,142882,2976
list-d-none,4,8,1,96,143098,1490
list-d-none,4,16,1,192,143225,745
list-d-none,8,1,1,24,215048,8960
list-d-none,8,2,1,48,190542,3969
list-d-none,8,4,1,96,193439,2014
list-d-none,8,8,1,192,173265,902
list-d-none,8,16,1,384,199944,520
list-d-none,12,1,1,36,264918,7358
list-d-none,12,2,1,72,251415,3491
list-d-none,12,4,1,144,289006,2006
list-d-none,12,8,1,288,293474,1019
list-d-none,12,16,1,576,272334,472
list-il-none,2,1,1,6,84652,14108
list-il-none,2,2,1,12,104502,8708
list-il-none,2,4,1,24,120314,5013
list-il-none,2,8,1,48,123731,2577
list-il-none,2,16,1,96,128623,1339
list-il-none,2,32,1,192,138958,723
list-il-none,4,1,1,12,145730,12144
list-il-none,4,2,1,24,168501,7020
list-il-none,4,4,1,48,150014,3125
list-il-none,4,8,1,96,107719,1122
list-il-none,4,16,1,192,107139,558
list-il-none,8,1,1,24,202638,8443
list-il-none,8,2,1,48,284641,5930
list-il-none,8,4,1,96,268591,2797
list-il-none,8,8,1,192,276381,1439
list-il-none,8,16,1,384,208203,542
list-il-none,12,1,1,36,273331,7592
list-il-none,12,2,1,72,252443,3506
list-il-none,12,4,1,144,252108,1750
list-il-none,12,8,1,288,256983,892
list-il-none,12,16,1,576,265118,460
list-dl-none,2,1,1,6,142192,23698
list-dl-none,2,2,1,12,136901,11408
list-dl-none,2,4,1,24,136364,5681
list-dl-none,2,8,1,48,63257,1317
list-dl-none,2,16,1,96,64175,668
list-dl-none,2,32,1,192,118498,617
list-dl-none,4,1,1,12,174491,14540
list-dl-none,4,2,1,24,131730,5488
list-dl-none,4,4,1,48,168647,3513
list-dl-none,4,8,1,96,163379,1701
list-dl-none,4,16,1,192,164491,856
list-dl-none,8,1,1,24,203388,8474
list-dl-none,8,2,1,48,231614,4825
list-dl-none,8,4,1,96,219602,2287
list-dl-none,8,8,1,192,226407,1179
list-dl-none,8,16,1,384,228345,594
list-dl-none,12,1,1,36,273939,7609
list-dl-none,12,2,1,72,298943,4151
list-dl-none,12,4,1,144,269404,1870
list-dl-none,12,8,1,288,279836,971
list-dl-none,12,16,1,576,286861,498
list-i-m,12,32,1,1152,282808,245
list-d-m,12,32,1,1152,282559,245
list-il-m,12,32,1,1152,270181,234
list-dl-m,12,32,1,1152,291741,253
list-i-s,12,32,1,1152,324297,281
list-d-s,12,32,1,1152,336559,292
list-il-s,12,32,1,1152,308035,267
list-dl-s,12,32,1,1152,313551,272
list-none-none,1,1000,1,3000,3640722,1213
list-none-m,1,1000,1,3000,3716206,1238
list-none-m,2,1000,1,6000,5134794,855
list-none-m,4,1000,1,12000,5990388,499
list-none-m,8,1000,1,24000,6697920,279
list-none-m,12,1000,1,36000,6898881,191
list-none-m,16,1000,1,48000,5018006,104
list-none-m,24,1000,1,72000,6376098,88
list-none-s,1,1000,1,3000,3638633,1212
list-none-s,2,1000,1,6000,8297548,1382
list-none-s,4,1000,1,12000,10887823,907
list-none-s,8,1000,1,24000,13080081,545
list-none-s,12,1000,1,36000,24612801,683
list-none-s,16,1000,1,48000,20727872,431
list-none-s,24,1000,1,72000,29011884,402
list-none-none,1,10,1,30,106748,3558
list-none-none,1,100,1,300,151557,505
list-none-none,1,1000,1,3000,3576506,1192
list-none-none,1,10000,1,30000,660089907,22002
list-none-none,1,20000,1,60000,-779673451,58588
list-none-none,2,1,1,6,105127,17521
list-none-none,2,10,1,60,103389,1723
list-none-none,2,100,1,600,122324,203
list-none-none,2,1000,1,6000,10233064,1705
list-none-none,4,1,1,12,115900,9658
list-none-none,4,10,1,120,123955,1032
list-none-none,4,100,1,1200,191992,159
list-none-none,4,1000,1,12000,6470548,539
list-none-none,8,1,1,24,210601,8775
list-none-none,8,10,1,240,261124,1088
list-none-none,8,100,1,2400,189999,79
list-none-none,8,1000,1,24000,3731468,155
list-none-none,12,1,1,36,303519,8431
list-none-none,12,10,1,360,245459,681
list-none-none,12,100,1,3600,255006,70
list-none-none,12,1000,1,36000,2796892,77
list-i-none,2,1,1,6,128112,21352
list-i-none,2,2,1,12,55249,4604
list-i-none,2,4,1,24,66728,2780
list-i-none,2,8,1,48,103432,2154
list-i-none,2,16,1,96,116254,1210
list-i-none,2,32,1,192,157987,822
list-i-none,4,1,1,12,159489,13290
list-i-none,4,2,1,24,108865,4536
list-i-none,4,4,1,48,109280,2276
list-i-none,4,8,1,96,105582,1099
list-i-none,4,16,1,192,107897,561
list-i-none,8,1,1,24,209553,8731
list-i-none,8,2,1,48,184095,3835
list-i-none,8,4,1,96,185986,1937
list-i-none,8,8,1,192,186602,971
list-i-none,8,16,1,384,186901,486
list-i-none,12,1,1,36,294887,8191
list-i-none,12,2,1,72,293781,4080
list-i-none,12,4,1,144,276741,1921
list-i-none,12,8,1,288,253976,881
list-i-none,12,16,1,576,264175,458
list-d-none,2,1,1,6,88879,14813
list-d-none,2,2,1,12,76635,6386
list-d-none,2,4,1,24,120207,5008
list-d-none,2,8,1,48,104140,2169
list-d-none,2,16,1,96,128268,1336
list-d-none,2,32,1,192,112726,587
list-d-none,4,1,1,12,152761,12730
list-d-none,4,2,1,24,139707,5821
list-d-none,4,4,1,48,139727,2910
list-d-none,4,8,1,96,89976,937
list-d-none,4,16,1,192,109609,570
list-d-none,8,1,1,24,203535,8480
list-d-none,8,2,1,48,171396,3570
list-d-none,8,4,1,96,183134,1907
list-d-none,8,8,1,192,168705,878
list-d-none,8,16,1,384,179314,466
list-d-none,12,1,1,36,252717,7019
list-d-none,12,2,1,72,252067,3500
list-d-none,12,4,1,144,246919,1714
list-d-none,12,8,1,288,291174,1011
list-d-none,12,16,1,576,274558,476
list-il-none,2,1,1,6,59634,9939
list-il-none,2,2,1,12,60016,5001
list-il-none,2,4,1,24,117861,4910
list-il-none,2,8,1,48,107013,2229
list-il-none,2,16,1,96,111465,1161
list-il-none,2,32,1,192,154808,806
list-il-none,4,1,1,12,110154,9179
list-il-none,4,2,1,24,172943,7205
list-il-none,4,4,1,48,101839,2121
list-il-none,4,8,1,96,109793,1143
list-il-none,4,16,1,192,92281,480
list-il-none,8,1,1,24,196324,8180
list-il-none,8,2,1,48,174448,3634
list-il-none,8,4,1,96,185067,1927
list-il-none,8,8,1,192,169468,882
list-il-none,8,16,1,384,195174,508
list-il-none,12,1,1,36,246651,6851
list-il-none,12,2,1,72,250181,3474
list-il-none,12,4,1,144,248890,1728
list-il-none,12,8,1,288,267934,930
list-il-none,12,16,1,576,253581,440
list-dl-none,2,1,1,6,60678,10113
list-dl-none,2,2,1,12,135882,11323
list-dl-none,2,4,1,24,135800,5658
list-dl-none,2,8,1,48,135739,2827
list-dl-none,2,16,1,96,139703,1455
list-dl-none,2,32,1,192,135949,708
list-dl-none,4,1,1,12,141576,11798
list-dl-none,4,2,1,24,86961,3623
list-dl-none,4,4,1,48,154552,3219
list-dl-none,4,8,1,96,127216,1325
list-dl-none,4,16,1,192,154389,804
list-dl-none,8,1,1,24,184481,7686
list-dl-none,8,2,1,48,193942,4040
list-dl-none,8,4,1,96,181938,1895
list-dl-none,8,8,1,192,183429,955
list-dl-none,8,16,1,384,200448,522
list-dl-none,12,1,1,36,255062,7085
list-dl-none,12,2,1,72,270678,3759
list-dl-none,12,4,1,144,256031,1777
list-dl-none,12,8,1,288,257390,893
list-dl-none,12,16,1,576,256064,444
list-i-m,12,32,1,1152,248794,215
list-d-m,12,32,1,1152,314852,273
list-il-m,12,32,1,1152,246290,213
list-dl-m,12,32,1,1152,262740,228
list-i-s,12,32,1,1152,269580,234
list-d-s,12,32,1,1152,264548,229
list-il-s,12,32,1,1152,254879,221
list-dl-s,12,32,1,1152,267748,232
list-none-none,1,1000,1,3000,3579929,1193
list-none-m,1,1000,1,3000,3686939,1228
list-none-m,2,1000,1,6000,6171198,1028
list-none-m,4,1000,1,12000,6613152,551
list-none-m,8,1000,1,24000,6748943,281
list-none-m,12,1000,1,36000,5146508,142
list-none-m,16,1000,1,48000,6327843,131
list-none-m,24,1000,1,72000,7121356,98
list-none-s,1,1000,1,3000,3605829,1201
list-none-s,2,1000,1,6000,7606401,1267
list-none-s,4,1000,1,12000,11866429,988
list-none-s,8,1000,1,24000,14911882,621
list-none-s,12,1000,1,36000,19834089,550
list-none-s,16,1000,1,48000,18144736,378
list-none-s,24,1000,1,72000,27175322,377
